name,gid
01usvcsada_adaapp1,10011
01usvcsada_frdvapp,10001
01usvcsada_users,10006
01usvcsada_cst,10002
01usvcsada_sparkola,10008
01usvcsada_talend,10010
01usvcsada_alluxio,10012
01usvcsada_1bankid,10009
adaadmin,10003
adauser,10004
cdhreadonly,10005
cdhadmin,10000
hive,10007
01usvcsada_zeppelinadm,10013
01usvcsada_airflow,10014
01usvcsada_biphsg,10015
01usvcsada_cit,10016
01usvcsada_unravel,10017
-01usvcsada_adAtscaleAdmin,10018
-01usvcsada_AtscaleDesigner,10019
01usvcsada_atscaleadmin,10018
01usvcsada_atscaledesigner,10019
01usvcsada_amp,10020
01usvcsada_citapp,10021
01usvcsada_citapp_s,10022
01usvcsada_acoe,10023
01usvcsada_adaindigi,10024
01usvcsada_sccp,10025
01usvcsada_accp,10026
01usvcsada_presto,10027
01usvcsada_test,10028
01usvcsada_adabenchmark,10029
01usvcsada_cbin,10030
01usvcsada_testdaas,10031
01usvcsada_bipada,10032
01usvcsada_testsparkola,10033
01usvcsada_fcqa,10034
