name,gid,uid
adauser2,10004,10006
adauser3,10004,10007
!vitaliy,10009,10004
!carlos,10009,10002
tacoperation,10010,10014
tacadmin,10010,10013
talendadm,10010,10015
zeppelinadm,10013,10016
frdvapp,10001,10001
biphsgadm,10015,10017
cit,10016,10018
radex,10009,10023
jugalmahanta,10009,10024
garrysteedman,10009,10025
atscaleadmin,10018,10026
atscaledesigner,10019,10027
monish,10021,10030
keithley,10021,10031
abhinayahari,10021,10032
jimmyli,10021,10033
marie,10021,10034
bhuvana,10021,10035
-nishantgupta,10021,10036
nishantg,10021,10036
zorayaidica,10021,10037
vinodsundaram,10021,10038
-guangbenglee,10021,10039
pranjaldubey,10021,10040
rachelleanne,10021,10041
-jhalakmodi,10009,10043
-nakkulsrinivas,10009,10044
narendrag,10009,10045
bhuvana,10023,10046
binghaong,10023,10047
chloefan,10023,10048
eesinng,10023,10049
fredgoh,10023,10050
awaili,10023,10051
johnlu,10023,10052
justinwang,10023,10053
charlescheng,10023,10054
michaelc,10023,10055
sarwanjitsingh,10023,10056
patrickflaveltg,10023,10057
marktenorio,10023,10058
randychng,10023,10059
rangaraju,10023,10060
samarthagarwal,10023,10061
saurabhpandey,10023,10062
shabbirabbas,10023,10063
shrileshd,10023,10064
sixiangwoon,10023,10065
vishalsharma,10023,10066
whyeloontung,10023,10067
wuwei,10023,10068
xuanwang,10023,10069
xuejiezhang,10023,10070
yangtao,10023,10071
yuminzhou,10023,10072
zhenquanyuan,10023,10073
manid,10023,10074
gorkigautam,10023,10075
gauravc,10023,10076
brandonho,10023,10077
manishasadhwani,10023,10078
adaindigi,10024,10079
sccpcmsv2ada,10025,10080
sccpfcada,10025,10081
sccphrmsada,10025,10082
accpsdcpada,10026,10083
accpfcada,10026,10084
accpmurexada,10026,10085
accpncspada,10026,10086
accpfproada,10026,10087
accpimexada,10026,10088
accpavaqada,10026,10089
-presto,10027,10090
prestoadm,10027,10090
ada_it,10028,10091
adaintest,10029,10093
adabenchmark,10030,10094
testdaas,10031,10095
santhanam,10021,10096
chandrikakm,10021,10097
johnsonpoh,10021,10098
fcqa,10034,10106
bipada,10032,10104
