{
    "annotations": {
        "list": [
            {
                "builtIn": 1,
                "datasource": "-- Grafana --",
                "enable": true,
                "hide": false,
                "iconColor": "#e0752d",
                "limit": 100,
                "name": "PMM Annotations",
                "showIn": 0,
                "tags": [
                    "pmm_annotation"
                ],
                "type": "tags"
            }
        ]
    },
    "editable": true,
    "gnetId": null,
    "graphTooltip": 1,
    "id": null,
    "iteration": 1523012827199,
    "links": [
        {
            "icon": "dashboard",
            "includeVars": true,
            "keepTime": true,
            "tags": [
                "QAN"
            ],
            "targetBlank": false,
            "title": "Query Analytics",
            "type": "link",
            "url": "/graph/dashboard/db/_pmm-query-analytics"
        },
        {
            "asDropdown": true,
            "includeVars": true,
            "keepTime": true,
            "tags": [
                "OS"
            ],
            "targetBlank": false,
            "title": "OS",
            "type": "dashboards"
        },
        {
            "asDropdown": true,
            "includeVars": true,
            "keepTime": true,
            "tags": [
                "MySQL"
            ],
            "targetBlank": false,
            "title": "MySQL",
            "type": "dashboards"
        },
        {
            "asDropdown": true,
            "includeVars": true,
            "keepTime": true,
            "tags": [
                "MongoDB"
            ],
            "targetBlank": false,
            "title": "MongoDB",
            "type": "dashboards"
        },
        {
            "asDropdown": true,
            "includeVars": true,
            "keepTime": true,
            "tags": [
                "HA"
            ],
            "targetBlank": false,
            "title": "HA",
            "type": "dashboards"
        },
        {
            "asDropdown": true,
            "includeVars": true,
            "keepTime": true,
            "tags": [
                "Cloud"
            ],
            "targetBlank": false,
            "title": "Cloud",
            "type": "dashboards"
        },
        {
            "asDropdown": true,
            "includeVars": true,
            "keepTime": true,
            "tags": [
                "Insight"
            ],
            "targetBlank": false,
            "title": "Insight",
            "type": "dashboards"
        },
        {
            "asDropdown": true,
            "includeVars": true,
            "keepTime": true,
            "tags": [
                "PMM"
            ],
            "targetBlank": false,
            "title": "PMM",
            "type": "dashboards"
        }
    ],
    "panels": [
        {
            "collapsed": false,
            "gridPos": {
                "h": 1,
                "w": 24,
                "x": 0,
                "y": 0
            },
            "id": 55,
            "panels": [],
            "repeat": null,
            "title": "Largest Tables",
            "type": "row"
        },
        {
            "columns": [
                {
                    "text": "Current",
                    "value": "current"
                }
            ],
            "datasource": "Prom",
            "editable": true,
            "error": false,
            "fontSize": "100%",
            "gridPos": {
                "h": 7,
                "w": 12,
                "x": 0,
                "y": 1
            },
            "height": "",
            "hideTimeOverride": true,
            "id": 49,
            "links": [],
            "pageSize": null,
            "scroll": false,
            "showHeader": true,
            "sort": {
                "col": 1,
                "desc": true
            },
            "styles": [
                {
                    "colorMode": null,
                    "colors": [
                        "rgba(245, 54, 54, 0.9)",
                        "rgba(237, 129, 40, 0.89)",
                        "rgba(50, 172, 45, 0.97)"
                    ],
                    "dateFormat": "YYYY-MM-DD HH:mm:ss",
                    "decimals": null,
                    "pattern": "/.*/",
                    "thresholds": [],
                    "type": "number",
                    "unit": "short"
                }
            ],
            "targets": [
                {
                    "expr": "topk(10, sum(mysql_info_schema_table_rows{instance=\"$host\"}) by (schema, table)) > 0",
                    "interval": "5m",
                    "intervalFactor": 1,
                    "legendFormat": "{{ schema }}.{{ table }}",
                    "refId": "A",
                    "step": 300
                }
            ],
            "timeFrom": "5m",
            "title": "Largest Tables by Row Count",
            "transform": "timeseries_aggregations",
            "type": "table"
        },
        {
            "columns": [
                {
                    "text": "Current",
                    "value": "current"
                }
            ],
            "datasource": "Prom",
            "editable": true,
            "error": false,
            "fontSize": "100%",
            "gridPos": {
                "h": 7,
                "w": 12,
                "x": 12,
                "y": 1
            },
            "height": "",
            "hideTimeOverride": true,
            "id": 51,
            "links": [],
            "pageSize": null,
            "scroll": false,
            "showHeader": true,
            "sort": {
                "col": 1,
                "desc": true
            },
            "styles": [
                {
                    "colorMode": null,
                    "colors": [
                        "rgba(245, 54, 54, 0.9)",
                        "rgba(237, 129, 40, 0.89)",
                        "rgba(50, 172, 45, 0.97)"
                    ],
                    "dateFormat": "YYYY-MM-DD HH:mm:ss",
                    "decimals": null,
                    "pattern": "/.*/",
                    "thresholds": [],
                    "type": "number",
                    "unit": "bytes"
                }
            ],
            "targets": [
                {
                    "expr": "topk(10, sum(mysql_info_schema_table_size{instance=\"$host\", component!=\"data_free\"}) by (schema, table)) > 0",
                    "interval": "5m",
                    "intervalFactor": 1,
                    "legendFormat": "{{ schema }}.{{ table }}",
                    "refId": "A",
                    "step": 300
                }
            ],
            "timeFrom": "5m",
            "title": "Largest Tables by Size",
            "transform": "timeseries_aggregations",
            "type": "table"
        },
        {
            "collapsed": false,
            "gridPos": {
                "h": 1,
                "w": 24,
                "x": 0,
                "y": 8
            },
            "id": 56,
            "panels": [],
            "repeat": null,
            "title": "Pie",
            "type": "row"
        },
        {
            "aliasColors": {
                "Data + Index Size": "#65C5DB"
            },
            "bars": false,
            "dashLength": 10,
            "dashes": false,
            "datasource": "Prom",
            "decimals": 2,
            "editable": true,
            "error": false,
            "fill": 2,
            "grid": {},
            "gridPos": {
                "h": 7,
                "w": 12,
                "x": 0,
                "y": 9
            },
            "id": 54,
            "legend": {
                "alignAsTable": false,
                "avg": false,
                "current": false,
                "hideEmpty": false,
                "max": false,
                "min": false,
                "rightSide": false,
                "show": true,
                "total": false,
                "values": false
            },
            "lines": true,
            "linewidth": 2,
            "links": [],
            "nullPointMode": "null",
            "percentage": false,
            "pointradius": 5,
            "points": false,
            "renderer": "flot",
            "seriesOverrides": [],
            "spaceLength": 10,
            "stack": false,
            "steppedLine": false,
            "targets": [
                {
                    "calculatedInterval": "2m",
                    "datasourceErrors": {},
                    "errors": {},
                    "expr": "sum(mysql_info_schema_table_size{instance=\"$host\", component!=\"data_free\"})",
                    "interval": "$interval",
                    "intervalFactor": 1,
                    "legendFormat": "Data + Index Size",
                    "metric": "",
                    "refId": "A",
                    "step": 300
                },
                {
                    "calculatedInterval": "2m",
                    "datasourceErrors": {},
                    "errors": {},
                    "expr": "sum(mysql_info_schema_table_size{instance=\"$host\", component=\"data_free\"})",
                    "interval": "$interval",
                    "intervalFactor": 1,
                    "legendFormat": "Freeable Size",
                    "metric": "",
                    "refId": "B",
                    "step": 300
                }
            ],
            "thresholds": [],
            "timeFrom": null,
            "timeShift": null,
            "title": "Total Database Size",
            "tooltip": {
                "msResolution": false,
                "shared": true,
                "sort": 0,
                "value_type": "individual"
            },
            "type": "graph",
            "xaxis": {
                "buckets": null,
                "mode": "time",
                "name": null,
                "show": true,
                "values": []
            },
            "yaxes": [
                {
                    "format": "bytes",
                    "logBase": 1,
                    "max": null,
                    "min": 0,
                    "show": true
                },
                {
                    "format": "short",
                    "logBase": 1,
                    "max": null,
                    "min": 0,
                    "show": true
                }
            ]
        },
        {
            "columns": [
                {
                    "text": "Current",
                    "value": "current"
                }
            ],
            "datasource": "Prom",
            "editable": true,
            "error": false,
            "fontSize": "100%",
            "gridPos": {
                "h": 7,
                "w": 12,
                "x": 12,
                "y": 9
            },
            "height": "",
            "hideTimeOverride": true,
            "id": 50,
            "links": [],
            "pageSize": null,
            "scroll": false,
            "showHeader": true,
            "sort": {
                "col": 1,
                "desc": true
            },
            "styles": [
                {
                    "colorMode": null,
                    "colors": [
                        "rgba(245, 54, 54, 0.9)",
                        "rgba(237, 129, 40, 0.89)",
                        "rgba(50, 172, 45, 0.97)"
                    ],
                    "dateFormat": "YYYY-MM-DD HH:mm:ss",
                    "decimals": null,
                    "pattern": "/.*/",
                    "thresholds": [],
                    "type": "number",
                    "unit": "bytes"
                }
            ],
            "targets": [
                {
                    "expr": "topk(5, sum(mysql_info_schema_table_size{instance=\"$host\", component=\"data_free\"}) by (schema, table)) > 0",
                    "interval": "5m",
                    "intervalFactor": 1,
                    "legendFormat": "{{ schema }}.{{ table }}",
                    "refId": "A",
                    "step": 300
                }
            ],
            "timeFrom": "5m",
            "title": "Most Fragmented Tables by Freeable Size",
            "transform": "timeseries_aggregations",
            "type": "table"
        },
        {
            "collapsed": false,
            "gridPos": {
                "h": 1,
                "w": 24,
                "x": 0,
                "y": 16
            },
            "id": 57,
            "panels": [],
            "repeat": null,
            "title": "Table Activity",
            "type": "row"
        },
        {
            "content": "The next two graphs are available only for [Percona Server](https://www.percona.com/doc/percona-server/5.6/diagnostics/user_stats.html) and [MariaDB](https://mariadb.com/kb/en/mariadb/user-statistics/) and require `userstat` variable turned on.",
            "datasource": "Prom",
            "editable": true,
            "error": false,
            "gridPos": {
                "h": 3,
                "w": 24,
                "x": 0,
                "y": 17
            },
            "height": "50px",
            "id": 44,
            "links": [],
            "mode": "markdown",
            "style": {},
            "title": "",
            "transparent": true,
            "type": "text"
        },
        {
            "collapsed": false,
            "gridPos": {
                "h": 1,
                "w": 24,
                "x": 0,
                "y": 20
            },
            "id": 58,
            "panels": [],
            "repeat": null,
            "title": "Rows read",
            "type": "row"
        },
        {
            "aliasColors": {},
            "bars": false,
            "dashLength": 10,
            "dashes": false,
            "datasource": "Prom",
            "decimals": 2,
            "editable": true,
            "error": false,
            "fill": 2,
            "grid": {},
            "gridPos": {
                "h": 7,
                "w": 24,
                "x": 0,
                "y": 21
            },
            "id": 48,
            "legend": {
                "alignAsTable": true,
                "avg": true,
                "current": false,
                "hideEmpty": false,
                "max": false,
                "min": false,
                "rightSide": true,
                "show": true,
                "sort": "avg",
                "sortDesc": true,
                "total": false,
                "values": true
            },
            "lines": true,
            "linewidth": 2,
            "links": [],
            "nullPointMode": "null",
            "percentage": false,
            "pointradius": 5,
            "points": false,
            "renderer": "flot",
            "seriesOverrides": [],
            "spaceLength": 10,
            "stack": false,
            "steppedLine": false,
            "targets": [
                {
                    "calculatedInterval": "2m",
                    "datasourceErrors": {},
                    "errors": {},
                    "expr": "topk(5, rate(mysql_info_schema_table_statistics_rows_read_total{instance=\"$host\"}[$interval])>0) or topk(5, irate(mysql_info_schema_table_statistics_rows_read_total{instance=\"$host\"}[5m])>0)",
                    "interval": "$interval",
                    "intervalFactor": 1,
                    "legendFormat": "{{ schema }}.{{ table }}",
                    "metric": "",
                    "refId": "A",
                    "step": 300
                }
            ],
            "thresholds": [],
            "timeFrom": null,
            "timeShift": null,
            "title": "Top Tables by Rows Read",
            "tooltip": {
                "msResolution": false,
                "shared": true,
                "sort": 0,
                "value_type": "individual"
            },
            "type": "graph",
            "xaxis": {
                "buckets": null,
                "mode": "time",
                "name": null,
                "show": true,
                "values": []
            },
            "yaxes": [
                {
                    "format": "short",
                    "logBase": 1,
                    "max": null,
                    "min": 0,
                    "show": true
                },
                {
                    "format": "short",
                    "logBase": 1,
                    "max": null,
                    "min": 0,
                    "show": true
                }
            ]
        },
        {
            "collapsed": false,
            "gridPos": {
                "h": 1,
                "w": 24,
                "x": 0,
                "y": 28
            },
            "id": 59,
            "panels": [],
            "repeat": null,
            "title": "Rows Changed",
            "type": "row"
        },
        {
            "aliasColors": {},
            "bars": false,
            "dashLength": 10,
            "dashes": false,
            "datasource": "Prom",
            "decimals": 2,
            "editable": true,
            "error": false,
            "fill": 2,
            "grid": {},
            "gridPos": {
                "h": 7,
                "w": 24,
                "x": 0,
                "y": 29
            },
            "id": 42,
            "legend": {
                "alignAsTable": true,
                "avg": true,
                "current": false,
                "hideEmpty": false,
                "hideZero": false,
                "max": false,
                "min": false,
                "rightSide": true,
                "show": true,
                "sort": "avg",
                "sortDesc": true,
                "total": false,
                "values": true
            },
            "lines": true,
            "linewidth": 2,
            "links": [],
            "nullPointMode": "null",
            "percentage": false,
            "pointradius": 5,
            "points": false,
            "renderer": "flot",
            "seriesOverrides": [],
            "spaceLength": 10,
            "stack": false,
            "steppedLine": false,
            "targets": [
                {
                    "calculatedInterval": "2m",
                    "datasourceErrors": {},
                    "errors": {},
                    "expr": "topk(5, rate(mysql_info_schema_table_statistics_rows_changed_total{instance=\"$host\"}[$interval])>0) or topk(5, irate(mysql_info_schema_table_statistics_rows_changed_total{instance=\"$host\"}[5m])>0)",
                    "interval": "$interval",
                    "intervalFactor": 1,
                    "legendFormat": "{{ schema }}.{{ table }}",
                    "metric": "",
                    "refId": "A",
                    "step": 300
                }
            ],
            "thresholds": [],
            "timeFrom": null,
            "timeShift": null,
            "title": "Top Tables by Rows Changed",
            "tooltip": {
                "msResolution": false,
                "shared": true,
                "sort": 0,
                "value_type": "individual"
            },
            "type": "graph",
            "xaxis": {
                "buckets": null,
                "mode": "time",
                "name": null,
                "show": true,
                "values": []
            },
            "yaxes": [
                {
                    "format": "short",
                    "logBase": 1,
                    "max": null,
                    "min": 0,
                    "show": true
                },
                {
                    "format": "short",
                    "logBase": 1,
                    "max": null,
                    "min": 0,
                    "show": true
                }
            ]
        },
        {
            "collapsed": false,
            "gridPos": {
                "h": 1,
                "w": 24,
                "x": 0,
                "y": 36
            },
            "id": 60,
            "panels": [],
            "repeat": null,
            "title": "Auto Increment Usage",
            "type": "row"
        },
        {
            "columns": [
                {
                    "text": "Current",
                    "value": "current"
                }
            ],
            "datasource": "Prom",
            "editable": true,
            "error": false,
            "fontSize": "100%",
            "gridPos": {
                "h": 7,
                "w": 24,
                "x": 0,
                "y": 37
            },
            "height": "",
            "hideTimeOverride": true,
            "id": 53,
            "links": [],
            "pageSize": null,
            "scroll": false,
            "showHeader": true,
            "sort": {
                "col": 1,
                "desc": true
            },
            "styles": [
                {
                    "colorMode": null,
                    "colors": [
                        "rgba(50, 172, 45, 0.97)",
                        "rgba(237, 129, 40, 0.89)",
                        "rgba(245, 54, 54, 0.9)"
                    ],
                    "dateFormat": "YYYY-MM-DD HH:mm:ss",
                    "decimals": 2,
                    "pattern": "/.*/",
                    "thresholds": [
                        "95",
                        "98"
                    ],
                    "type": "number",
                    "unit": "percentunit"
                }
            ],
            "targets": [
                {
                    "expr": "topk(10, mysql_info_schema_auto_increment_column{instance=\"$host\"} / mysql_info_schema_auto_increment_column_max{instance=\"$host\"})",
                    "format": "table",
                    "interval": "5m",
                    "intervalFactor": 1,
                    "legendFormat": "{{ schema }}.{{ table }}",
                    "refId": "A",
                    "step": 300
                }
            ],
            "timeFrom": "5m",
            "title": "Top Tables by Auto Increment Usage",
            "transform": "table",
            "type": "table"
        }
    ],
    "refresh": "1m",
    "schemaVersion": 16,
    "style": "dark",
    "tags": [
        "MySQL",
        "Percona"
    ],
    "templating": {
        "list": [
            {
                "allFormat": "glob",
                "auto": true,
                "auto_count": 200,
                "auto_min": "1s",
                "current": {
                    "text": "auto",
                    "value": "$__auto_interval_interval"
                },
                "datasource": "Prom",
                "hide": 0,
                "includeAll": false,
                "label": "Interval",
                "multi": false,
                "multiFormat": "glob",
                "name": "interval",
                "options": [
                    {
                        "selected": true,
                        "text": "auto",
                        "value": "$__auto_interval_interval"
                    },
                    {
                        "selected": false,
                        "text": "1s",
                        "value": "1s"
                    },
                    {
                        "selected": false,
                        "text": "5s",
                        "value": "5s"
                    },
                    {
                        "selected": false,
                        "text": "1m",
                        "value": "1m"
                    },
                    {
                        "selected": false,
                        "text": "5m",
                        "value": "5m"
                    },
                    {
                        "selected": false,
                        "text": "1h",
                        "value": "1h"
                    },
                    {
                        "selected": false,
                        "text": "6h",
                        "value": "6h"
                    },
                    {
                        "selected": false,
                        "text": "1d",
                        "value": "1d"
                    }
                ],
                "query": "1s,5s,1m,5m,1h,6h,1d",
                "refresh": 2,
                "type": "interval"
            },
            {
                "allFormat": "glob",
                "allValue": null,
                "current": {},
                "datasource": "Prom",
                "hide": 0,
                "includeAll": false,
                "label": "Host",
                "multi": false,
                "multiFormat": "regex values",
                "name": "host",
                "options": [],
                "query": "label_values(mysql_up, instance)",
                "refresh": 1,
                "refresh_on_load": false,
                "regex": "",
                "sort": 1,
                "tagValuesQuery": null,
                "tags": [],
                "tagsQuery": null,
                "type": "query",
                "useTags": false
            }
        ]
    },
    "time": {
        "from": "now-12h",
        "to": "now"
    },
    "timepicker": {
        "collapse": false,
        "enable": true,
        "hidden": false,
        "notice": false,
        "now": true,
        "refresh_intervals": [
            "5s",
            "10s",
            "30s",
            "1m",
            "5m",
            "15m",
            "30m",
            "1h",
            "2h",
            "1d"
        ],
        "status": "Stable",
        "time_options": [
            "5m",
            "15m",
            "1h",
            "6h",
            "12h",
            "24h",
            "2d",
            "7d",
            "30d"
        ],
        "type": "timepicker"
    },
    "timezone": "browser",
    "title": "MySQL Table Statistics",
    "uid": "CiMg9oiik",
    "version": 2
}