{
    "annotations": {
        "list": [
            {
                "builtIn": 1,
                "datasource": "-- Grafana --",
                "enable": true,
                "hide": false,
                "iconColor": "#e0752d",
                "limit": 100,
                "name": "PMM Annotations",
                "showIn": 0,
                "tags": [
                    "pmm_annotation"
                ],
                "type": "tags"
            }
        ]
    },
    "editable": true,
    "gnetId": null,
    "graphTooltip": 0,
    "hideControls": true,
    "id": null,
    "links": [
        {
            "icon": "dashboard",
            "includeVars": true,
            "keepTime": true,
            "tags": [
                "QAN"
            ],
            "targetBlank": false,
            "title": "Query Analytics",
            "type": "link",
            "url": "/graph/dashboard/db/_pmm-query-analytics"
        },
        {
            "asDropdown": true,
            "includeVars": true,
            "keepTime": true,
            "tags": [
                "OS"
            ],
            "targetBlank": false,
            "title": "OS",
            "type": "dashboards"
        },
        {
            "asDropdown": true,
            "includeVars": true,
            "keepTime": true,
            "tags": [
                "MySQL"
            ],
            "targetBlank": false,
            "title": "MySQL",
            "type": "dashboards"
        },
        {
            "asDropdown": true,
            "includeVars": true,
            "keepTime": true,
            "tags": [
                "MongoDB"
            ],
            "targetBlank": false,
            "title": "MongoDB",
            "type": "dashboards"
        },
        {
            "asDropdown": true,
            "includeVars": true,
            "keepTime": true,
            "tags": [
                "HA"
            ],
            "targetBlank": false,
            "title": "HA",
            "type": "dashboards"
        },
        {
            "asDropdown": true,
            "includeVars": true,
            "keepTime": true,
            "tags": [
                "Cloud"
            ],
            "targetBlank": false,
            "title": "Cloud",
            "type": "dashboards"
        },
        {
            "asDropdown": true,
            "includeVars": true,
            "keepTime": true,
            "tags": [
                "Insight"
            ],
            "targetBlank": false,
            "title": "Insight",
            "type": "dashboards"
        },
        {
            "asDropdown": true,
            "includeVars": true,
            "keepTime": true,
            "tags": [
                "PMM"
            ],
            "targetBlank": false,
            "title": "PMM",
            "type": "dashboards"
        }
    ],
    "refresh": "1m",
    "rows": [
        {
            "collapse": false,
            "height": "125px",
            "panels": [
                {
                    "cacheTimeout": null,
                    "colorBackground": false,
                    "colorValue": true,
                    "colors": [
                        "rgba(245, 54, 54, 0.9)",
                        "rgba(237, 129, 40, 0.89)",
                        "rgba(50, 172, 45, 0.97)"
                    ],
                    "datasource": "Prom",
                    "decimals": 0,
                    "editable": true,
                    "error": false,
                    "format": "none",
                    "gauge": {
                        "maxValue": 100,
                        "minValue": 0,
                        "show": false,
                        "thresholdLabels": false,
                        "thresholdMarkers": true
                    },
                    "height": "125px",
                    "hideTimeOverride": true,
                    "id": 50,
                    "interval": "$interval",
                    "links": [],
                    "mappingType": 1,
                    "mappingTypes": [
                        {
                            "name": "value to text",
                            "value": 1
                        },
                        {
                            "name": "range to text",
                            "value": 2
                        }
                    ],
                    "maxDataPoints": 100,
                    "nullPointMode": "connected",
                    "nullText": null,
                    "postfix": "",
                    "postfixFontSize": "50%",
                    "prefix": "",
                    "prefixFontSize": "80%",
                    "rangeMaps": [
                        {
                            "from": "null",
                            "text": "N/A",
                            "to": "null"
                        }
                    ],
                    "span": 2,
                    "sparkline": {
                        "fillColor": "rgba(31, 118, 189, 0.18)",
                        "full": false,
                        "lineColor": "rgb(31, 120, 193)",
                        "show": false
                    },
                    "tableColumn": "",
                    "targets": [
                        {
                            "calculatedInterval": "10m",
                            "datasourceErrors": {},
                            "errors": {},
                            "expr": "mysql_global_status_wsrep_ready{instance=\"$host\"}",
                            "interval": "5m",
                            "intervalFactor": 1,
                            "legendFormat": "",
                            "metric": "",
                            "refId": "A",
                            "step": 300
                        }
                    ],
                    "thresholds": "0.5,1",
                    "timeFrom": "1m",
                    "timeShift": "1m",
                    "title": "Ready to Accept Queries",
                    "transparent": false,
                    "type": "singlestat",
                    "valueFontSize": "80%",
                    "valueMaps": [
                        {
                            "op": "=",
                            "text": "ON",
                            "value": "1"
                        },
                        {
                            "op": "=",
                            "text": "OFF",
                            "value": "0"
                        }
                    ],
                    "valueName": "current"
                },
                {
                    "cacheTimeout": null,
                    "colorBackground": false,
                    "colorValue": true,
                    "colors": [
                        "rgba(245, 54, 54, 0.9)",
                        "rgba(237, 129, 40, 0.89)",
                        "rgba(50, 172, 45, 0.97)"
                    ],
                    "datasource": "Prom",
                    "decimals": 0,
                    "editable": true,
                    "error": false,
                    "format": "none",
                    "gauge": {
                        "maxValue": 100,
                        "minValue": 0,
                        "show": false,
                        "thresholdLabels": false,
                        "thresholdMarkers": true
                    },
                    "height": "125px",
                    "hideTimeOverride": true,
                    "id": 49,
                    "interval": "$interval",
                    "links": [],
                    "mappingType": 1,
                    "mappingTypes": [
                        {
                            "name": "value to text",
                            "value": 1
                        },
                        {
                            "name": "range to text",
                            "value": 2
                        }
                    ],
                    "maxDataPoints": 100,
                    "nullPointMode": "connected",
                    "nullText": null,
                    "postfix": "",
                    "postfixFontSize": "50%",
                    "prefix": "",
                    "prefixFontSize": "80%",
                    "rangeMaps": [
                        {
                            "from": "null",
                            "text": "N/A",
                            "to": "null"
                        }
                    ],
                    "span": 2,
                    "sparkline": {
                        "fillColor": "rgba(31, 118, 189, 0.18)",
                        "full": false,
                        "lineColor": "rgb(31, 120, 193)",
                        "show": false
                    },
                    "tableColumn": "",
                    "targets": [
                        {
                            "calculatedInterval": "10m",
                            "datasourceErrors": {},
                            "errors": {},
                            "expr": "mysql_global_status_wsrep_local_state{instance=\"$host\"}",
                            "format": "time_series",
                            "interval": "5m",
                            "intervalFactor": 1,
                            "legendFormat": "",
                            "metric": "",
                            "refId": "A",
                            "step": 300
                        }
                    ],
                    "thresholds": "2,4",
                    "timeFrom": "1m",
                    "timeShift": "1m",
                    "title": "Local State",
                    "transparent": false,
                    "type": "singlestat",
                    "valueFontSize": "80%",
                    "valueMaps": [
                        {
                            "op": "=",
                            "text": "Joining",
                            "value": "1"
                        },
                        {
                            "op": "=",
                            "text": "Donor/Desynced",
                            "value": "2"
                        },
                        {
                            "op": "=",
                            "text": "Joined",
                            "value": "3"
                        },
                        {
                            "op": "=",
                            "text": "Synced",
                            "value": "4"
                        }
                    ],
                    "valueName": "current"
                },
                {
                    "cacheTimeout": null,
                    "colorBackground": false,
                    "colorValue": true,
                    "colors": [
                        "rgba(50, 172, 45, 0.97)",
                        "rgba(237, 129, 40, 0.89)",
                        "rgba(245, 54, 54, 0.9)"
                    ],
                    "datasource": "Prom",
                    "decimals": 0,
                    "editable": true,
                    "error": false,
                    "format": "none",
                    "gauge": {
                        "maxValue": 100,
                        "minValue": 0,
                        "show": false,
                        "thresholdLabels": false,
                        "thresholdMarkers": true
                    },
                    "height": "125px",
                    "hideTimeOverride": true,
                    "id": 53,
                    "interval": "$interval",
                    "links": [],
                    "mappingType": 1,
                    "mappingTypes": [
                        {
                            "name": "value to text",
                            "value": 1
                        },
                        {
                            "name": "range to text",
                            "value": 2
                        }
                    ],
                    "maxDataPoints": 100,
                    "nullPointMode": "connected",
                    "nullText": null,
                    "postfix": "",
                    "postfixFontSize": "50%",
                    "prefix": "",
                    "prefixFontSize": "80%",
                    "rangeMaps": [
                        {
                            "from": "null",
                            "text": "N/A",
                            "to": "null"
                        }
                    ],
                    "span": 2,
                    "sparkline": {
                        "fillColor": "rgba(31, 118, 189, 0.18)",
                        "full": false,
                        "lineColor": "rgb(31, 120, 193)",
                        "show": false
                    },
                    "tableColumn": "",
                    "targets": [
                        {
                            "calculatedInterval": "10m",
                            "datasourceErrors": {},
                            "errors": {},
                            "expr": "mysql_global_variables_wsrep_desync{instance=\"$host\"}",
                            "format": "time_series",
                            "interval": "5m",
                            "intervalFactor": 1,
                            "legendFormat": "",
                            "metric": "",
                            "refId": "A",
                            "step": 300
                        }
                    ],
                    "thresholds": "0.5,1",
                    "timeFrom": "1m",
                    "timeShift": "1m",
                    "title": "Desync Mode",
                    "transparent": false,
                    "type": "singlestat",
                    "valueFontSize": "80%",
                    "valueMaps": [
                        {
                            "op": "=",
                            "text": "ON",
                            "value": "1"
                        },
                        {
                            "op": "=",
                            "text": "OFF",
                            "value": "0"
                        }
                    ],
                    "valueName": "current"
                },
                {
                    "cacheTimeout": null,
                    "colorBackground": false,
                    "colorValue": true,
                    "colors": [
                        "rgba(245, 54, 54, 0.9)",
                        "rgba(237, 129, 40, 0.89)",
                        "rgba(50, 172, 45, 0.97)"
                    ],
                    "datasource": "Prom",
                    "decimals": 0,
                    "editable": true,
                    "error": false,
                    "format": "none",
                    "gauge": {
                        "maxValue": 100,
                        "minValue": 0,
                        "show": false,
                        "thresholdLabels": false,
                        "thresholdMarkers": true
                    },
                    "height": "125px",
                    "hideTimeOverride": true,
                    "id": 51,
                    "interval": "$interval",
                    "links": [],
                    "mappingType": 1,
                    "mappingTypes": [
                        {
                            "name": "value to text",
                            "value": 1
                        },
                        {
                            "name": "range to text",
                            "value": 2
                        }
                    ],
                    "maxDataPoints": 100,
                    "nullPointMode": "connected",
                    "nullText": null,
                    "postfix": "",
                    "postfixFontSize": "50%",
                    "prefix": "",
                    "prefixFontSize": "80%",
                    "rangeMaps": [
                        {
                            "from": "null",
                            "text": "N/A",
                            "to": "null"
                        }
                    ],
                    "span": 2,
                    "sparkline": {
                        "fillColor": "rgba(31, 118, 189, 0.18)",
                        "full": false,
                        "lineColor": "rgb(31, 120, 193)",
                        "show": false
                    },
                    "tableColumn": "",
                    "targets": [
                        {
                            "calculatedInterval": "10m",
                            "datasourceErrors": {},
                            "errors": {},
                            "expr": "mysql_global_status_wsrep_cluster_status{instance=\"$host\"}",
                            "format": "time_series",
                            "interval": "5m",
                            "intervalFactor": 1,
                            "legendFormat": "",
                            "metric": "",
                            "refId": "A",
                            "step": 300
                        }
                    ],
                    "thresholds": "0.5,1",
                    "timeFrom": "1m",
                    "timeShift": "1m",
                    "title": "Cluster Status",
                    "transparent": false,
                    "type": "singlestat",
                    "valueFontSize": "80%",
                    "valueMaps": [
                        {
                            "op": "=",
                            "text": "Primary",
                            "value": "1"
                        },
                        {
                            "op": "=",
                            "text": "Non-primary",
                            "value": "0"
                        }
                    ],
                    "valueName": "current"
                },
                {
                    "cacheTimeout": null,
                    "colorBackground": false,
                    "colorValue": false,
                    "colors": [
                        "rgba(50, 172, 45, 0.97)",
                        "rgba(237, 129, 40, 0.89)",
                        "rgba(245, 54, 54, 0.9)"
                    ],
                    "datasource": "Prom",
                    "decimals": 0,
                    "editable": true,
                    "error": false,
                    "format": "bytes",
                    "gauge": {
                        "maxValue": 100,
                        "minValue": 0,
                        "show": false,
                        "thresholdLabels": false,
                        "thresholdMarkers": true
                    },
                    "height": "125px",
                    "id": 48,
                    "interval": "$interval",
                    "links": [],
                    "mappingType": 1,
                    "mappingTypes": [
                        {
                            "name": "value to text",
                            "value": 1
                        },
                        {
                            "name": "range to text",
                            "value": 2
                        }
                    ],
                    "maxDataPoints": 100,
                    "nullPointMode": "connected",
                    "nullText": null,
                    "postfix": "",
                    "postfixFontSize": "50%",
                    "prefix": "",
                    "prefixFontSize": "80%",
                    "rangeMaps": [
                        {
                            "from": "null",
                            "text": "N/A",
                            "to": "null"
                        }
                    ],
                    "span": 2,
                    "sparkline": {
                        "fillColor": "rgba(31, 118, 189, 0.18)",
                        "full": false,
                        "lineColor": "rgb(31, 120, 193)",
                        "show": false
                    },
                    "tableColumn": "",
                    "targets": [
                        {
                            "calculatedInterval": "10m",
                            "datasourceErrors": {},
                            "errors": {},
                            "expr": "mysql_galera_gcache_size_bytes{instance=\"$host\"}",
                            "format": "time_series",
                            "interval": "5m",
                            "intervalFactor": 1,
                            "legendFormat": "",
                            "metric": "",
                            "refId": "A",
                            "step": 300
                        }
                    ],
                    "thresholds": "90,95",
                    "title": "gcache Size",
                    "transparent": false,
                    "type": "singlestat",
                    "valueFontSize": "80%",
                    "valueMaps": [],
                    "valueName": "current"
                },
                {
                    "cacheTimeout": null,
                    "colorBackground": false,
                    "colorValue": true,
                    "colors": [
                        "#ef843c",
                        "#508642",
                        "#299c46"
                    ],
                    "datasource": "Prom",
                    "format": "short",
                    "gauge": {
                        "maxValue": 100,
                        "minValue": 0,
                        "show": false,
                        "thresholdLabels": false,
                        "thresholdMarkers": true
                    },
                    "id": 55,
                    "interval": null,
                    "links": [],
                    "mappingType": 1,
                    "mappingTypes": [
                        {
                            "name": "value to text",
                            "value": 1
                        },
                        {
                            "name": "range to text",
                            "value": 2
                        }
                    ],
                    "maxDataPoints": 100,
                    "minSpan": 2,
                    "nullPointMode": "connected",
                    "nullText": null,
                    "postfix": "",
                    "postfixFontSize": "50%",
                    "prefix": "",
                    "prefixFontSize": "50%",
                    "rangeMaps": [
                        {
                            "from": "null",
                            "text": "N/A",
                            "to": "null"
                        }
                    ],
                    "span": 2,
                    "sparkline": {
                        "fillColor": "rgba(31, 118, 189, 0.18)",
                        "full": false,
                        "lineColor": "rgb(31, 120, 193)",
                        "show": false
                    },
                    "tableColumn": "",
                    "targets": [
                        {
                            "expr": "mysql_global_status_wsrep_flow_control_status{instance=\"$host\"}",
                            "format": "time_series",
                            "interval": "$interval",
                            "intervalFactor": 1,
                            "refId": "A"
                        }
                    ],
                    "thresholds": "0.5,1",
                    "title": "FC (normal traffic)",
                    "type": "singlestat",
                    "valueFontSize": "80%",
                    "valueMaps": [
                        {
                            "op": "=",
                            "text": "OFF",
                            "value": "0"
                        },
                        {
                            "op": "=",
                            "text": "ON",
                            "value": "1"
                        },
                        {
                            "op": "=",
                            "text": "N/A",
                            "value": "null"
                        }
                    ],
                    "valueName": "current"
                }
            ],
            "repeat": null,
            "repeatIteration": null,
            "repeatRowId": null,
            "showTitle": false,
            "title": "New row",
            "titleSize": "h6"
        },
        {
            "collapse": false,
            "height": "270px",
            "panels": [
                {
                    "aliasColors": {
                        "Maximum": "#806eb7",
                        "Standard Deviation": "#7eb26d"
                    },
                    "bars": true,
                    "dashLength": 10,
                    "dashes": false,
                    "datasource": "Prom",
                    "decimals": 0,
                    "description": "Shows figures for the replication latency on group communication. It measures latency from the time point when a message is sent out to the time point when a message is received. As replication is a group operation, this essentially gives you the slowest ACK and longest RTT in the cluster.",
                    "editable": true,
                    "error": false,
                    "fill": 0,
                    "grid": {},
                    "id": 42,
                    "legend": {
                        "alignAsTable": true,
                        "avg": true,
                        "current": false,
                        "hideZero": false,
                        "max": true,
                        "min": true,
                        "rightSide": true,
                        "show": true,
                        "total": false,
                        "values": true
                    },
                    "lines": false,
                    "linewidth": 2,
                    "links": [
                        {
                            "title": "Galera Documentation",
                            "type": "absolute",
                            "url": "http://galeracluster.com/documentation-webpages/galerastatusvariables.html#wsrep-evs-repl-latency"
                        }
                    ],
                    "nullPointMode": "null",
                    "percentage": false,
                    "pointradius": 5,
                    "points": false,
                    "renderer": "flot",
                    "seriesOverrides": [],
                    "spaceLength": 10,
                    "span": 12,
                    "stack": false,
                    "steppedLine": false,
                    "targets": [
                        {
                            "expr": "mysql_global_status_wsrep_evs_repl_latency{instance=\"$host\", aggregator=\"Maximum\"}",
                            "format": "time_series",
                            "interval": "$interval",
                            "intervalFactor": 1,
                            "legendFormat": "{{ aggregator }}",
                            "refId": "A",
                            "step": 300
                        },
                        {
                            "expr": "mysql_global_status_wsrep_evs_repl_latency{instance=\"$host\", aggregator=\"Standard Deviation\"}",
                            "format": "time_series",
                            "interval": "$interval",
                            "intervalFactor": 1,
                            "legendFormat": "{{ aggregator }}",
                            "refId": "B",
                            "step": 300
                        },
                        {
                            "expr": "mysql_global_status_wsrep_evs_repl_latency{instance=\"$host\", aggregator=\"Average\"}",
                            "format": "time_series",
                            "interval": "$interval",
                            "intervalFactor": 1,
                            "legendFormat": "{{ aggregator }}",
                            "refId": "C",
                            "step": 300
                        },
                        {
                            "expr": "mysql_global_status_wsrep_evs_repl_latency{instance=\"$host\", aggregator=\"Minimum\"}",
                            "format": "time_series",
                            "interval": "$interval",
                            "intervalFactor": 1,
                            "legendFormat": "{{ aggregator }}",
                            "refId": "D",
                            "step": 300
                        }
                    ],
                    "thresholds": [],
                    "timeFrom": null,
                    "timeShift": null,
                    "title": "Galera Replication Latency",
                    "tooltip": {
                        "msResolution": false,
                        "shared": true,
                        "sort": 0,
                        "value_type": "cumulative"
                    },
                    "type": "graph",
                    "xaxis": {
                        "buckets": null,
                        "mode": "time",
                        "name": null,
                        "show": true,
                        "values": []
                    },
                    "yaxes": [
                        {
                            "format": "s",
                            "label": "",
                            "logBase": 1,
                            "max": null,
                            "min": 0,
                            "show": true
                        },
                        {
                            "format": "short",
                            "label": "",
                            "logBase": 1,
                            "max": null,
                            "min": 0,
                            "show": false
                        }
                    ]
                },
                {
                    "aliasColors": {},
                    "bars": false,
                    "dashLength": 10,
                    "dashes": false,
                    "datasource": "Prom",
                    "decimals": null,
                    "description": "Shows the length of receive and send queues.",
                    "editable": true,
                    "error": false,
                    "fill": 2,
                    "grid": {},
                    "id": 39,
                    "legend": {
                        "alignAsTable": true,
                        "avg": true,
                        "current": false,
                        "max": true,
                        "min": true,
                        "show": true,
                        "total": false,
                        "values": true
                    },
                    "lines": true,
                    "linewidth": 2,
                    "links": [],
                    "nullPointMode": "null",
                    "percentage": false,
                    "pointradius": 5,
                    "points": false,
                    "renderer": "flot",
                    "seriesOverrides": [],
                    "spaceLength": 10,
                    "span": 6,
                    "stack": false,
                    "steppedLine": false,
                    "targets": [
                        {
                            "calculatedInterval": "2m",
                            "datasourceErrors": {},
                            "errors": {},
                            "expr": "mysql_global_status_wsrep_local_recv_queue{instance=\"$host\"}",
                            "interval": "$interval",
                            "intervalFactor": 1,
                            "legendFormat": "Receive Queue",
                            "metric": "",
                            "refId": "A",
                            "step": 300
                        },
                        {
                            "calculatedInterval": "2m",
                            "datasourceErrors": {},
                            "errors": {},
                            "expr": "mysql_global_status_wsrep_local_send_queue{instance=\"$host\"}",
                            "interval": "$interval",
                            "intervalFactor": 1,
                            "legendFormat": "Send Queue",
                            "metric": "",
                            "refId": "B",
                            "step": 300,
                            "target": ""
                        }
                    ],
                    "thresholds": [],
                    "timeFrom": null,
                    "timeShift": null,
                    "title": "Galera Replication Queues",
                    "tooltip": {
                        "msResolution": false,
                        "shared": true,
                        "sort": 0,
                        "value_type": "cumulative"
                    },
                    "type": "graph",
                    "xaxis": {
                        "buckets": null,
                        "mode": "time",
                        "name": null,
                        "show": true,
                        "values": []
                    },
                    "yaxes": [
                        {
                            "format": "short",
                            "logBase": 1,
                            "max": null,
                            "min": 0,
                            "show": true
                        },
                        {
                            "format": "short",
                            "logBase": 1,
                            "max": null,
                            "min": 0,
                            "show": true
                        }
                    ]
                },
                {
                    "aliasColors": {},
                    "bars": false,
                    "dashLength": 10,
                    "dashes": false,
                    "datasource": "Prom",
                    "decimals": 0,
                    "description": "Shows the number of members currently connected to the cluster.",
                    "editable": true,
                    "error": false,
                    "fill": 0,
                    "grid": {},
                    "id": 54,
                    "legend": {
                        "alignAsTable": true,
                        "avg": true,
                        "current": false,
                        "max": true,
                        "min": true,
                        "show": true,
                        "total": false,
                        "values": true
                    },
                    "lines": true,
                    "linewidth": 2,
                    "links": [],
                    "nullPointMode": "null",
                    "percentage": false,
                    "pointradius": 5,
                    "points": false,
                    "renderer": "flot",
                    "seriesOverrides": [],
                    "spaceLength": 10,
                    "span": 6,
                    "stack": false,
                    "steppedLine": false,
                    "targets": [
                        {
                            "calculatedInterval": "2m",
                            "datasourceErrors": {},
                            "errors": {},
                            "expr": "mysql_global_status_wsrep_cluster_size{instance=\"$host\"}",
                            "interval": "$interval",
                            "intervalFactor": 1,
                            "legendFormat": "Size",
                            "metric": "",
                            "refId": "C",
                            "step": 300,
                            "target": ""
                        }
                    ],
                    "thresholds": [],
                    "timeFrom": null,
                    "timeShift": null,
                    "title": "Galera Cluster Size",
                    "tooltip": {
                        "msResolution": false,
                        "shared": true,
                        "sort": 0,
                        "value_type": "cumulative"
                    },
                    "type": "graph",
                    "xaxis": {
                        "buckets": null,
                        "mode": "time",
                        "name": null,
                        "show": true,
                        "values": []
                    },
                    "yaxes": [
                        {
                            "format": "short",
                            "logBase": 1,
                            "max": null,
                            "min": 0,
                            "show": true
                        },
                        {
                            "format": "short",
                            "logBase": 1,
                            "max": null,
                            "min": 0,
                            "show": true
                        }
                    ]
                }
            ],
            "repeat": null,
            "repeatIteration": null,
            "repeatRowId": null,
            "showTitle": false,
            "title": "Size/Queue",
            "titleSize": "h6"
        },
        {
            "collapse": false,
            "height": "250px",
            "panels": [
                {
                    "aliasColors": {},
                    "bars": false,
                    "dashLength": 10,
                    "dashes": false,
                    "datasource": "Prom",
                    "decimals": null,
                    "description": "Shows the number of FC_PAUSE events sent/received. They are sent by a node when its replication queue gets too full. If a node is sending out FC messages it indicates a problem.",
                    "editable": true,
                    "error": false,
                    "fill": 0,
                    "grid": {},
                    "id": 45,
                    "legend": {
                        "alignAsTable": true,
                        "avg": true,
                        "current": false,
                        "max": true,
                        "min": true,
                        "show": true,
                        "total": false,
                        "values": true
                    },
                    "lines": true,
                    "linewidth": 2,
                    "links": [],
                    "nullPointMode": "null",
                    "percentage": false,
                    "pointradius": 5,
                    "points": false,
                    "renderer": "flot",
                    "seriesOverrides": [
                        {
                            "alias": "Paused due to Flow Control",
                            "linewidth": 1,
                            "yaxis": 2
                        }
                    ],
                    "spaceLength": 10,
                    "span": 6,
                    "stack": false,
                    "steppedLine": false,
                    "targets": [
                        {
                            "calculatedInterval": "2m",
                            "datasourceErrors": {},
                            "errors": {},
                            "expr": "rate(mysql_global_status_wsrep_flow_control_recv{instance=\"$host\"}[$interval]) or irate(mysql_global_status_wsrep_flow_control_recv{instance=\"$host\"}[5m])",
                            "format": "time_series",
                            "interval": "$interval",
                            "intervalFactor": 1,
                            "legendFormat": "FC Messages Received",
                            "metric": "",
                            "refId": "A",
                            "step": 300
                        },
                        {
                            "calculatedInterval": "2m",
                            "datasourceErrors": {},
                            "errors": {},
                            "expr": "rate(mysql_global_status_wsrep_flow_control_sent{instance=\"$host\"}[$interval]) or irate(mysql_global_status_wsrep_flow_control_sent{instance=\"$host\"}[5m])",
                            "format": "time_series",
                            "interval": "$interval",
                            "intervalFactor": 1,
                            "legendFormat": "FC Messages Sent",
                            "metric": "",
                            "refId": "B",
                            "step": 300,
                            "target": ""
                        },
                        {
                            "calculatedInterval": "2m",
                            "datasourceErrors": {},
                            "errors": {},
                            "expr": "(rate(mysql_global_status_wsrep_flow_control_paused_ns{instance=\"$host\"}[$interval]) or irate(mysql_global_status_wsrep_flow_control_paused_ns{instance=\"$host\"}[5m]))/1000000000",
                            "format": "time_series",
                            "interval": "$interval",
                            "intervalFactor": 1,
                            "legendFormat": "Paused due to Flow Control",
                            "metric": "",
                            "refId": "C",
                            "step": 300,
                            "target": ""
                        }
                    ],
                    "thresholds": [],
                    "timeFrom": null,
                    "timeShift": null,
                    "title": "Galera Flow Control",
                    "tooltip": {
                        "msResolution": false,
                        "shared": true,
                        "sort": 0,
                        "value_type": "cumulative"
                    },
                    "type": "graph",
                    "xaxis": {
                        "buckets": null,
                        "mode": "time",
                        "name": null,
                        "show": true,
                        "values": []
                    },
                    "yaxes": [
                        {
                            "format": "short",
                            "logBase": 1,
                            "max": null,
                            "min": 0,
                            "show": true
                        },
                        {
                            "format": "percentunit",
                            "logBase": 1,
                            "max": 1,
                            "min": 0,
                            "show": true
                        }
                    ]
                },
                {
                    "aliasColors": {},
                    "bars": false,
                    "dashLength": 10,
                    "dashes": false,
                    "datasource": "Prom",
                    "decimals": null,
                    "description": "Shows the average distances between highest and lowest seqno that are concurrently applied, committed and can be possibly applied in parallel (potential degree of parallelization).",
                    "editable": true,
                    "error": false,
                    "fill": 0,
                    "grid": {},
                    "id": 40,
                    "legend": {
                        "alignAsTable": true,
                        "avg": true,
                        "current": false,
                        "max": true,
                        "min": true,
                        "show": true,
                        "total": false,
                        "values": true
                    },
                    "lines": true,
                    "linewidth": 2,
                    "links": [],
                    "nullPointMode": "null",
                    "percentage": false,
                    "pointradius": 5,
                    "points": false,
                    "renderer": "flot",
                    "seriesOverrides": [],
                    "spaceLength": 10,
                    "span": 6,
                    "stack": false,
                    "steppedLine": false,
                    "targets": [
                        {
                            "calculatedInterval": "2m",
                            "datasourceErrors": {},
                            "errors": {},
                            "expr": "mysql_global_status_wsrep_apply_window{instance=\"$host\"}",
                            "format": "time_series",
                            "interval": "$interval",
                            "intervalFactor": 1,
                            "legendFormat": "Apply Window",
                            "metric": "",
                            "refId": "A",
                            "step": 300
                        },
                        {
                            "calculatedInterval": "2m",
                            "datasourceErrors": {},
                            "errors": {},
                            "expr": "mysql_global_status_wsrep_commit_window{instance=\"$host\"}",
                            "format": "time_series",
                            "interval": "$interval",
                            "intervalFactor": 1,
                            "legendFormat": "Commit Window",
                            "metric": "",
                            "refId": "B",
                            "step": 300,
                            "target": ""
                        },
                        {
                            "calculatedInterval": "2m",
                            "datasourceErrors": {},
                            "errors": {},
                            "expr": "mysql_global_status_wsrep_cert_deps_distance{instance=\"$host\"}",
                            "format": "time_series",
                            "interval": "$interval",
                            "intervalFactor": 1,
                            "legendFormat": "Cert Deps Distance",
                            "metric": "",
                            "refId": "C",
                            "step": 300,
                            "target": ""
                        }
                    ],
                    "thresholds": [],
                    "timeFrom": null,
                    "timeShift": null,
                    "title": "Galera Parallelization Efficiency",
                    "tooltip": {
                        "msResolution": false,
                        "shared": true,
                        "sort": 0,
                        "value_type": "cumulative"
                    },
                    "type": "graph",
                    "xaxis": {
                        "buckets": null,
                        "mode": "time",
                        "name": null,
                        "show": true,
                        "values": []
                    },
                    "yaxes": [
                        {
                            "format": "short",
                            "logBase": 1,
                            "max": null,
                            "min": 0,
                            "show": true
                        },
                        {
                            "format": "short",
                            "logBase": 1,
                            "max": null,
                            "min": 0,
                            "show": true
                        }
                    ]
                }
            ],
            "repeat": null,
            "repeatIteration": null,
            "repeatRowId": null,
            "showTitle": false,
            "title": "Flow Control",
            "titleSize": "h6"
        },
        {
            "collapse": false,
            "height": "250px",
            "panels": [
                {
                    "aliasColors": {},
                    "bars": false,
                    "dashLength": 10,
                    "dashes": false,
                    "datasource": "Prom",
                    "decimals": null,
                    "description": "Shows the number of local transactions being committed on this node that failed certification (some other node had a commit that conflicted with ours) \u2013 client received deadlock error on commit and also the number of local transactions in flight on this node that were aborted because they locked something an applier thread needed \u2013 deadlock error anywhere in an open transaction. Spikes in the graph may indicate writing to the same table potentially the same rows from 2 nodes.",
                    "editable": true,
                    "error": false,
                    "fill": 2,
                    "grid": {},
                    "id": 41,
                    "legend": {
                        "alignAsTable": true,
                        "avg": true,
                        "current": false,
                        "max": true,
                        "min": true,
                        "show": true,
                        "total": false,
                        "values": true
                    },
                    "lines": true,
                    "linewidth": 2,
                    "links": [],
                    "nullPointMode": "null",
                    "percentage": false,
                    "pointradius": 5,
                    "points": false,
                    "renderer": "flot",
                    "seriesOverrides": [],
                    "spaceLength": 10,
                    "span": 6,
                    "stack": false,
                    "steppedLine": false,
                    "targets": [
                        {
                            "calculatedInterval": "2m",
                            "datasourceErrors": {},
                            "errors": {},
                            "expr": "rate(mysql_global_status_wsrep_local_cert_failures{instance=\"$host\"}[$interval]) or irate(mysql_global_status_wsrep_local_cert_failures{instance=\"$host\"}[5m])",
                            "interval": "$interval",
                            "intervalFactor": 1,
                            "legendFormat": "Local Cert Failures",
                            "metric": "",
                            "refId": "A",
                            "step": 300
                        },
                        {
                            "calculatedInterval": "2m",
                            "datasourceErrors": {},
                            "errors": {},
                            "expr": "rate(mysql_global_status_wsrep_local_bf_aborts{instance=\"$host\"}[$interval]) or irate(mysql_global_status_wsrep_local_bf_aborts{instance=\"$host\"}[5m])",
                            "interval": "$interval",
                            "intervalFactor": 1,
                            "legendFormat": "Local Bf Aborts",
                            "metric": "",
                            "refId": "B",
                            "step": 300,
                            "target": ""
                        }
                    ],
                    "thresholds": [],
                    "timeFrom": null,
                    "timeShift": null,
                    "title": "Galera Writing Conflicts",
                    "tooltip": {
                        "msResolution": false,
                        "shared": true,
                        "sort": 0,
                        "value_type": "cumulative"
                    },
                    "type": "graph",
                    "xaxis": {
                        "buckets": null,
                        "mode": "time",
                        "name": null,
                        "show": true,
                        "values": []
                    },
                    "yaxes": [
                        {
                            "format": "ops",
                            "logBase": 1,
                            "max": null,
                            "min": 0,
                            "show": true
                        },
                        {
                            "format": "ops",
                            "logBase": 1,
                            "max": null,
                            "min": 0,
                            "show": true
                        }
                    ]
                },
                {
                    "aliasColors": {},
                    "bars": false,
                    "dashLength": 10,
                    "dashes": false,
                    "datasource": "Prom",
                    "decimals": null,
                    "description": "Shows for how long the node can be taken out of the cluster before SST is required. SST is a full state transfer method.",
                    "editable": true,
                    "error": false,
                    "fill": 2,
                    "grid": {},
                    "id": 47,
                    "legend": {
                        "alignAsTable": true,
                        "avg": true,
                        "current": false,
                        "max": true,
                        "min": true,
                        "show": true,
                        "total": false,
                        "values": true
                    },
                    "lines": true,
                    "linewidth": 2,
                    "links": [],
                    "nullPointMode": "null",
                    "percentage": false,
                    "pointradius": 5,
                    "points": false,
                    "renderer": "flot",
                    "seriesOverrides": [],
                    "spaceLength": 10,
                    "span": 6,
                    "stack": false,
                    "steppedLine": false,
                    "targets": [
                        {
                            "calculatedInterval": "2m",
                            "datasourceErrors": {},
                            "errors": {},
                            "expr": "mysql_galera_gcache_size_bytes{instance=\"$host\"}/(rate(mysql_global_status_wsrep_replicated_bytes{instance=\"$host\"}[5m])+rate(mysql_global_status_wsrep_received_bytes{instance=\"$host\"}[5m])) * 300",
                            "interval": "5m",
                            "intervalFactor": 1,
                            "legendFormat": "Time (5m avg)",
                            "metric": "",
                            "refId": "A",
                            "step": 300
                        }
                    ],
                    "thresholds": [],
                    "timeFrom": null,
                    "timeShift": null,
                    "title": "Available Downtime before SST Required",
                    "tooltip": {
                        "msResolution": false,
                        "shared": true,
                        "sort": 0,
                        "value_type": "cumulative"
                    },
                    "type": "graph",
                    "xaxis": {
                        "buckets": null,
                        "mode": "time",
                        "name": null,
                        "show": true,
                        "values": []
                    },
                    "yaxes": [
                        {
                            "format": "s",
                            "logBase": 1,
                            "max": null,
                            "min": 0,
                            "show": true
                        },
                        {
                            "format": "short",
                            "logBase": 1,
                            "max": null,
                            "min": 0,
                            "show": true
                        }
                    ]
                }
            ],
            "repeat": null,
            "repeatIteration": null,
            "repeatRowId": null,
            "showTitle": false,
            "title": "Writing Conflicts",
            "titleSize": "h6"
        },
        {
            "collapse": false,
            "height": "250px",
            "panels": [
                {
                    "aliasColors": {},
                    "bars": false,
                    "dashLength": 10,
                    "dashes": false,
                    "datasource": "Prom",
                    "decimals": null,
                    "description": "Shows the count of transactions received from the cluster (any other node) and replicated to the cluster (from this node).",
                    "editable": true,
                    "error": false,
                    "fill": 2,
                    "grid": {},
                    "id": 2,
                    "legend": {
                        "alignAsTable": true,
                        "avg": true,
                        "current": false,
                        "max": true,
                        "min": true,
                        "show": true,
                        "total": false,
                        "values": true
                    },
                    "lines": true,
                    "linewidth": 2,
                    "links": [],
                    "nullPointMode": "null",
                    "percentage": false,
                    "pointradius": 5,
                    "points": false,
                    "renderer": "flot",
                    "seriesOverrides": [],
                    "spaceLength": 10,
                    "span": 6,
                    "stack": false,
                    "steppedLine": false,
                    "targets": [
                        {
                            "calculatedInterval": "2m",
                            "datasourceErrors": {},
                            "errors": {},
                            "expr": "rate(mysql_global_status_wsrep_received{instance=\"$host\"}[$interval]) or irate(mysql_global_status_wsrep_received{instance=\"$host\"}[5m])",
                            "interval": "$interval",
                            "intervalFactor": 1,
                            "legendFormat": "Transactions Received",
                            "metric": "",
                            "refId": "A",
                            "step": 300
                        },
                        {
                            "calculatedInterval": "2m",
                            "datasourceErrors": {},
                            "errors": {},
                            "expr": "rate(mysql_global_status_wsrep_replicated{instance=\"$host\"}[$interval]) or irate(mysql_global_status_wsrep_replicated{instance=\"$host\"}[5m])",
                            "interval": "$interval",
                            "intervalFactor": 1,
                            "legendFormat": "Transactions Replicated",
                            "metric": "",
                            "refId": "B",
                            "step": 300,
                            "target": ""
                        }
                    ],
                    "thresholds": [],
                    "timeFrom": null,
                    "timeShift": null,
                    "title": "Galera Writeset Count",
                    "tooltip": {
                        "msResolution": false,
                        "shared": true,
                        "sort": 0,
                        "value_type": "cumulative"
                    },
                    "type": "graph",
                    "xaxis": {
                        "buckets": null,
                        "mode": "time",
                        "name": null,
                        "show": true,
                        "values": []
                    },
                    "yaxes": [
                        {
                            "format": "short",
                            "logBase": 1,
                            "max": null,
                            "min": 0,
                            "show": true
                        },
                        {
                            "format": "short",
                            "logBase": 1,
                            "max": null,
                            "min": 0,
                            "show": true
                        }
                    ]
                },
                {
                    "aliasColors": {},
                    "bars": false,
                    "dashLength": 10,
                    "dashes": false,
                    "datasource": "Prom",
                    "decimals": null,
                    "description": "Shows the average transaction size received/replicated.",
                    "editable": true,
                    "error": false,
                    "fill": 2,
                    "grid": {},
                    "id": 11,
                    "legend": {
                        "alignAsTable": true,
                        "avg": true,
                        "current": false,
                        "max": true,
                        "min": true,
                        "rightSide": false,
                        "show": true,
                        "total": false,
                        "values": true
                    },
                    "lines": true,
                    "linewidth": 2,
                    "links": [],
                    "nullPointMode": "null",
                    "percentage": false,
                    "pointradius": 5,
                    "points": false,
                    "renderer": "flot",
                    "seriesOverrides": [],
                    "spaceLength": 10,
                    "span": 6,
                    "stack": false,
                    "steppedLine": false,
                    "targets": [
                        {
                            "calculatedInterval": "2m",
                            "datasourceErrors": {},
                            "errors": {},
                            "expr": "rate(mysql_global_status_wsrep_received_bytes{instance=\"$host\"}[$interval]) / rate(mysql_global_status_wsrep_received{instance=\"$host\"}[$interval]) or irate(mysql_global_status_wsrep_received_bytes{instance=\"$host\"}[5m]) / irate(mysql_global_status_wsrep_received{instance=\"$host\"}[5m])",
                            "interval": "$interval",
                            "intervalFactor": 1,
                            "legendFormat": "Incoming Transaction Size",
                            "metric": "",
                            "refId": "C",
                            "step": 300
                        },
                        {
                            "calculatedInterval": "2m",
                            "datasourceErrors": {},
                            "errors": {},
                            "expr": "rate(mysql_global_status_wsrep_replicated_bytes{instance=\"$host\"}[$interval]) / rate(mysql_global_status_wsrep_replicated{instance=\"$host\"}[$interval]) or irate(mysql_global_status_wsrep_replicated_bytes{instance=\"$host\"}[5m]) / irate(mysql_global_status_wsrep_replicated{instance=\"$host\"}[5m])",
                            "interval": "$interval",
                            "intervalFactor": 1,
                            "legendFormat": "Replicating Transaction Size",
                            "metric": "",
                            "refId": "A",
                            "step": 300
                        }
                    ],
                    "thresholds": [],
                    "timeFrom": null,
                    "timeShift": null,
                    "title": "Galera Writeset Size",
                    "tooltip": {
                        "msResolution": false,
                        "shared": true,
                        "sort": 0,
                        "value_type": "individual"
                    },
                    "type": "graph",
                    "xaxis": {
                        "buckets": null,
                        "mode": "time",
                        "name": null,
                        "show": true,
                        "values": []
                    },
                    "yaxes": [
                        {
                            "format": "bytes",
                            "logBase": 1,
                            "max": null,
                            "min": 0,
                            "show": true
                        },
                        {
                            "format": "short",
                            "logBase": 1,
                            "max": null,
                            "min": 0,
                            "show": true
                        }
                    ]
                }
            ],
            "repeat": null,
            "repeatIteration": null,
            "repeatRowId": null,
            "showTitle": false,
            "title": "Writeset",
            "titleSize": "h6"
        },
        {
            "collapse": false,
            "height": "250px",
            "panels": [
                {
                    "aliasColors": {},
                    "bars": false,
                    "dashLength": 10,
                    "dashes": false,
                    "datasource": "Prom",
                    "decimals": null,
                    "description": "Shows the bytes of data received from the cluster (any other node) and replicated to the cluster (from this node).",
                    "editable": true,
                    "error": false,
                    "fill": 6,
                    "grid": {},
                    "id": 9,
                    "legend": {
                        "alignAsTable": true,
                        "avg": true,
                        "current": false,
                        "max": true,
                        "min": true,
                        "rightSide": false,
                        "show": true,
                        "total": false,
                        "values": true
                    },
                    "lines": true,
                    "linewidth": 2,
                    "links": [],
                    "nullPointMode": "null",
                    "percentage": false,
                    "pointradius": 5,
                    "points": false,
                    "renderer": "flot",
                    "seriesOverrides": [],
                    "spaceLength": 10,
                    "span": 6,
                    "stack": true,
                    "steppedLine": false,
                    "targets": [
                        {
                            "calculatedInterval": "2m",
                            "datasourceErrors": {},
                            "errors": {},
                            "expr": "rate(mysql_global_status_wsrep_received_bytes{instance=\"$host\"}[$interval]) or irate(mysql_global_status_wsrep_received_bytes{instance=\"$host\"}[5m])",
                            "interval": "$interval",
                            "intervalFactor": 1,
                            "legendFormat": "Inbound",
                            "metric": "",
                            "refId": "A",
                            "step": 300
                        },
                        {
                            "calculatedInterval": "2m",
                            "datasourceErrors": {},
                            "errors": {},
                            "expr": "rate(mysql_global_status_wsrep_replicated_bytes{instance=\"$host\"}[$interval]) or irate(mysql_global_status_wsrep_replicated_bytes{instance=\"$host\"}[5m])",
                            "interval": "$interval",
                            "intervalFactor": 1,
                            "legendFormat": "Outbound",
                            "metric": "",
                            "refId": "B",
                            "step": 300
                        }
                    ],
                    "thresholds": [],
                    "timeFrom": null,
                    "timeShift": null,
                    "title": "Galera Writeset Traffic",
                    "tooltip": {
                        "msResolution": false,
                        "shared": true,
                        "sort": 0,
                        "value_type": "individual"
                    },
                    "type": "graph",
                    "xaxis": {
                        "buckets": null,
                        "mode": "time",
                        "name": null,
                        "show": true,
                        "values": []
                    },
                    "yaxes": [
                        {
                            "format": "bytes",
                            "logBase": 1,
                            "max": null,
                            "min": 0,
                            "show": true
                        },
                        {
                            "format": "none",
                            "logBase": 1,
                            "max": null,
                            "min": 0,
                            "show": true
                        }
                    ]
                },
                {
                    "aliasColors": {},
                    "bars": true,
                    "dashLength": 10,
                    "dashes": false,
                    "datasource": "Prom",
                    "decimals": null,
                    "description": "Shows the bytes of data received from the cluster (any other node) and replicated to the cluster (from this node).",
                    "editable": true,
                    "error": false,
                    "fill": 6,
                    "grid": {},
                    "id": 38,
                    "legend": {
                        "alignAsTable": true,
                        "avg": true,
                        "current": false,
                        "max": true,
                        "min": true,
                        "rightSide": false,
                        "show": true,
                        "total": false,
                        "values": true
                    },
                    "lines": false,
                    "linewidth": 2,
                    "links": [],
                    "nullPointMode": "null",
                    "percentage": false,
                    "pointradius": 5,
                    "points": false,
                    "renderer": "flot",
                    "seriesOverrides": [],
                    "spaceLength": 10,
                    "span": 6,
                    "stack": true,
                    "steppedLine": false,
                    "targets": [
                        {
                            "calculatedInterval": "2m",
                            "datasourceErrors": {},
                            "errors": {},
                            "expr": "increase(mysql_global_status_wsrep_received_bytes{instance=\"$host\"}[1h])",
                            "interval": "1h",
                            "intervalFactor": 1,
                            "legendFormat": "Received",
                            "metric": "",
                            "refId": "A",
                            "step": 3600
                        },
                        {
                            "calculatedInterval": "2m",
                            "datasourceErrors": {},
                            "errors": {},
                            "expr": "increase(mysql_global_status_wsrep_replicated_bytes{instance=\"$host\"}[1h])",
                            "interval": "1h",
                            "intervalFactor": 1,
                            "legendFormat": "Replicated",
                            "metric": "",
                            "refId": "B",
                            "step": 3600
                        }
                    ],
                    "thresholds": [],
                    "timeFrom": "24h",
                    "timeShift": null,
                    "title": "Galera Network Usage Hourly",
                    "tooltip": {
                        "msResolution": false,
                        "shared": true,
                        "sort": 0,
                        "value_type": "individual"
                    },
                    "type": "graph",
                    "xaxis": {
                        "buckets": null,
                        "mode": "time",
                        "name": null,
                        "show": true,
                        "values": []
                    },
                    "yaxes": [
                        {
                            "format": "bytes",
                            "logBase": 1,
                            "max": null,
                            "min": 0,
                            "show": true
                        },
                        {
                            "format": "none",
                            "logBase": 1,
                            "max": null,
                            "min": 0,
                            "show": true
                        }
                    ]
                }
            ],
            "repeat": null,
            "repeatIteration": null,
            "repeatRowId": null,
            "showTitle": false,
            "title": "Traffic",
            "titleSize": "h6"
        }
    ],
    "schemaVersion": 14,
    "style": "dark",
    "tags": [
        "Percona",
        "HA"
    ],
    "templating": {
        "list": [
            {
                "allFormat": "glob",
                "auto": true,
                "auto_count": 200,
                "auto_min": "1s",
                "current": {
                    "text": "auto",
                    "value": "$__auto_interval"
                },
                "datasource": "Prom",
                "hide": 0,
                "includeAll": false,
                "label": "Interval",
                "multi": false,
                "multiFormat": "glob",
                "name": "interval",
                "options": [
                    {
                        "selected": true,
                        "text": "auto",
                        "value": "$__auto_interval"
                    },
                    {
                        "selected": false,
                        "text": "1s",
                        "value": "1s"
                    },
                    {
                        "selected": false,
                        "text": "5s",
                        "value": "5s"
                    },
                    {
                        "selected": false,
                        "text": "1m",
                        "value": "1m"
                    },
                    {
                        "selected": false,
                        "text": "5m",
                        "value": "5m"
                    },
                    {
                        "selected": false,
                        "text": "1h",
                        "value": "1h"
                    },
                    {
                        "selected": false,
                        "text": "6h",
                        "value": "6h"
                    },
                    {
                        "selected": false,
                        "text": "1d",
                        "value": "1d"
                    }
                ],
                "query": "1s,5s,1m,5m,1h,6h,1d",
                "refresh": 2,
                "type": "interval"
            },
            {
                "allValue": null,
                "current": {},
                "datasource": "Prom",
                "hide": 2,
                "includeAll": true,
                "label": "Instance",
                "multi": true,
                "name": "instance",
                "options": [],
                "query": "label_values(mysql_global_status_wsrep_local_state, instance)",
                "refresh": 1,
                "regex": "",
                "sort": 1,
                "tagValuesQuery": "",
                "tags": [],
                "tagsQuery": "",
                "type": "query",
                "useTags": false
            },
            {
                "allFormat": "glob",
                "allValue": null,
                "current": {},
                "datasource": "Prom",
                "hide": 0,
                "includeAll": false,
                "label": "Cluster",
                "multi": false,
                "multiFormat": "regex values",
                "name": "cluster",
                "options": [],
                "query": "label_values(mysql_galera_variables_info{instance=~\"$instance\"}, wsrep_cluster_name)",
                "refresh": 1,
                "refresh_on_load": false,
                "regex": "",
                "sort": 1,
                "tagValuesQuery": null,
                "tags": [],
                "tagsQuery": null,
                "type": "query",
                "useTags": false
            },
            {
                "allFormat": "glob",
                "allValue": null,
                "current": {},
                "datasource": "Prom",
                "hide": 0,
                "includeAll": false,
                "label": "Host",
                "multi": false,
                "multiFormat": "regex values",
                "name": "host",
                "options": [],
                "query": "label_values(mysql_galera_variables_info{wsrep_cluster_name =\"$cluster\"}, instance)",
                "refresh": 1,
                "refresh_on_load": false,
                "regex": "",
                "sort": 1,
                "tagValuesQuery": null,
                "tags": [],
                "tagsQuery": null,
                "type": "query",
                "useTags": false
            }
        ]
    },
    "time": {
        "from": "now-12h",
        "to": "now"
    },
    "timepicker": {
        "collapse": false,
        "enable": true,
        "hidden": false,
        "notice": false,
        "now": true,
        "refresh_intervals": [
            "5s",
            "10s",
            "30s",
            "1m",
            "5m",
            "15m",
            "30m",
            "1h",
            "2h",
            "1d"
        ],
        "status": "Stable",
        "time_options": [
            "5m",
            "15m",
            "1h",
            "6h",
            "12h",
            "24h",
            "2d",
            "7d",
            "30d"
        ],
        "type": "timepicker"
    },
    "timezone": "browser",
    "title": "PXC/Galera Graphs",
    "version": 1
}