{
    "annotations": {
        "list": [
            {
                "builtIn": 1,
                "datasource": "-- Grafana --",
                "enable": true,
                "hide": false,
                "iconColor": "#e0752d",
                "limit": 100,
                "name": "PMM Annotations",
                "showIn": 0,
                "tags": [
                    "pmm_annotation"
                ],
                "type": "tags"
            }
        ]
    },
    "editable": true,
    "gnetId": null,
    "hideControls": true,
    "id": null,
    "links": [
        {
            "icon": "dashboard",
            "includeVars": true,
            "keepTime": true,
            "tags": [
                "QAN"
            ],
            "targetBlank": false,
            "title": "Query Analytics",
            "type": "link",
            "url": "/graph/dashboard/db/_pmm-query-analytics"
        },
        {
            "asDropdown": true,
            "includeVars": true,
            "keepTime": true,
            "tags": [
                "OS"
            ],
            "targetBlank": false,
            "title": "OS",
            "type": "dashboards"
        },
        {
            "asDropdown": true,
            "includeVars": true,
            "keepTime": true,
            "tags": [
                "MySQL"
            ],
            "targetBlank": false,
            "title": "MySQL",
            "type": "dashboards"
        },
        {
            "asDropdown": true,
            "includeVars": true,
            "keepTime": true,
            "tags": [
                "MongoDB"
            ],
            "targetBlank": false,
            "title": "MongoDB",
            "type": "dashboards"
        },
        {
            "asDropdown": true,
            "includeVars": true,
            "keepTime": true,
            "tags": [
                "HA"
            ],
            "targetBlank": false,
            "title": "HA",
            "type": "dashboards"
        },
        {
            "asDropdown": true,
            "includeVars": true,
            "keepTime": true,
            "tags": [
                "Cloud"
            ],
            "targetBlank": false,
            "title": "Cloud",
            "type": "dashboards"
        },
        {
            "asDropdown": true,
            "includeVars": true,
            "keepTime": true,
            "tags": [
                "Insight"
            ],
            "targetBlank": false,
            "title": "Insight",
            "type": "dashboards"
        },
        {
            "asDropdown": true,
            "includeVars": true,
            "keepTime": true,
            "tags": [
                "PMM"
            ],
            "targetBlank": false,
            "title": "PMM",
            "type": "dashboards"
        }
    ],
    "refresh": "1m",
    "rows": [
        {
            "collapse": false,
            "height": "250px",
            "panels": [
                {
                    "aliasColors": {},
                    "bars": false,
                    "datasource": "Prom",
                    "decimals": 2,
                    "editable": true,
                    "error": false,
                    "fill": 2,
                    "grid": {},
                    "id": 25,
                    "legend": {
                        "alignAsTable": false,
                        "avg": false,
                        "current": false,
                        "hideEmpty": false,
                        "max": false,
                        "min": false,
                        "rightSide": false,
                        "show": true,
                        "total": false,
                        "values": false
                    },
                    "lines": true,
                    "linewidth": 2,
                    "links": [],
                    "nullPointMode": "null",
                    "percentage": false,
                    "pointradius": 5,
                    "points": false,
                    "renderer": "flot",
                    "seriesOverrides": [],
                    "span": 6,
                    "stack": false,
                    "steppedLine": false,
                    "targets": [
                        {
                            "calculatedInterval": "2m",
                            "datasourceErrors": {},
                            "errors": {},
                            "expr": "topk(5, (rate(mysql_info_schema_user_statistics_total_ssl_connections_total{instance=\"$host\"}[$interval]) + rate(mysql_info_schema_user_statistics_total_connections{instance=\"$host\"}[$interval]))>0) or topk(5, (irate(mysql_info_schema_user_statistics_total_ssl_connections_total{instance=\"$host\"}[5m]) + irate(mysql_info_schema_user_statistics_total_connections{instance=\"$host\"}[5m]))>0)",
                            "interval": "$interval",
                            "intervalFactor": 1,
                            "legendFormat": "{{ user }}",
                            "metric": "",
                            "refId": "A",
                            "step": 300
                        }
                    ],
                    "thresholds": [],
                    "timeFrom": null,
                    "timeShift": null,
                    "title": "Top Users by Connections Created",
                    "tooltip": {
                        "msResolution": false,
                        "shared": true,
                        "sort": 2,
                        "value_type": "individual"
                    },
                    "type": "graph",
                    "xaxis": {
                        "mode": "time",
                        "name": null,
                        "show": true,
                        "values": []
                    },
                    "yaxes": [
                        {
                            "format": "short",
                            "label": "Connections/sec",
                            "logBase": 1,
                            "max": null,
                            "min": 0,
                            "show": true
                        },
                        {
                            "format": "short",
                            "logBase": 1,
                            "max": null,
                            "min": 0,
                            "show": true
                        }
                    ]
                },
                {
                    "aliasColors": {},
                    "bars": false,
                    "datasource": "Prom",
                    "decimals": 2,
                    "editable": true,
                    "error": false,
                    "fill": 2,
                    "grid": {},
                    "id": 39,
                    "legend": {
                        "alignAsTable": false,
                        "avg": false,
                        "current": false,
                        "hideEmpty": false,
                        "max": false,
                        "min": false,
                        "rightSide": false,
                        "show": true,
                        "total": false,
                        "values": false
                    },
                    "lines": true,
                    "linewidth": 2,
                    "links": [],
                    "nullPointMode": "null",
                    "percentage": false,
                    "pointradius": 5,
                    "points": false,
                    "renderer": "flot",
                    "seriesOverrides": [],
                    "span": 6,
                    "stack": false,
                    "steppedLine": false,
                    "targets": [
                        {
                            "calculatedInterval": "2m",
                            "datasourceErrors": {},
                            "errors": {},
                            "expr": "topk(5, (rate(mysql_info_schema_user_statistics_bytes_sent_total{instance=\"$host\"}[$interval]) + rate(mysql_info_schema_user_statistics_bytes_received_total{instance=\"$host\"}[$interval]))>0) or topk(5, (irate(mysql_info_schema_user_statistics_bytes_sent_total{instance=\"$host\"}[5m]) + irate(mysql_info_schema_user_statistics_bytes_received_total{instance=\"$host\"}[5m]))>0)",
                            "interval": "$interval",
                            "intervalFactor": 1,
                            "legendFormat": "{{ user }}",
                            "metric": "",
                            "refId": "A",
                            "step": 300
                        }
                    ],
                    "thresholds": [],
                    "timeFrom": null,
                    "timeShift": null,
                    "title": "Top Users by Traffic",
                    "tooltip": {
                        "msResolution": false,
                        "shared": true,
                        "sort": 2,
                        "value_type": "individual"
                    },
                    "type": "graph",
                    "xaxis": {
                        "mode": "time",
                        "name": null,
                        "show": true,
                        "values": []
                    },
                    "yaxes": [
                        {
                            "format": "bytes",
                            "logBase": 1,
                            "max": null,
                            "min": 0,
                            "show": true
                        },
                        {
                            "format": "short",
                            "logBase": 1,
                            "max": null,
                            "min": 0,
                            "show": true
                        }
                    ]
                }
            ],
            "repeat": null,
            "repeatIteration": null,
            "repeatRowId": null,
            "showTitle": false,
            "title": "Connections",
            "titleSize": "h6"
        },
        {
            "collapse": false,
            "height": "250px",
            "panels": [
                {
                    "aliasColors": {},
                    "bars": false,
                    "datasource": "Prom",
                    "decimals": 2,
                    "editable": true,
                    "error": false,
                    "fill": 2,
                    "grid": {},
                    "id": 37,
                    "legend": {
                        "alignAsTable": false,
                        "avg": false,
                        "current": false,
                        "hideEmpty": false,
                        "max": false,
                        "min": false,
                        "rightSide": false,
                        "show": true,
                        "total": false,
                        "values": false
                    },
                    "lines": true,
                    "linewidth": 2,
                    "links": [],
                    "nullPointMode": "null",
                    "percentage": false,
                    "pointradius": 5,
                    "points": false,
                    "renderer": "flot",
                    "seriesOverrides": [],
                    "span": 6,
                    "stack": false,
                    "steppedLine": false,
                    "targets": [
                        {
                            "calculatedInterval": "2m",
                            "datasourceErrors": {},
                            "errors": {},
                            "expr": "topk(5, rate(mysql_info_schema_user_statistics_rows_fetched_total{instance=\"$host\"}[$interval])>0) or topk(5, irate(mysql_info_schema_user_statistics_rows_fetched_total{instance=\"$host\"}[5m])>0) or topk(5, rate(mysql_info_schema_user_statistics_rows_read_total{instance=\"$host\"}[$interval])>0) or topk(5, irate(mysql_info_schema_user_statistics_rows_read_total{instance=\"$host\"}[5m])>0)",
                            "interval": "$interval",
                            "intervalFactor": 1,
                            "legendFormat": "{{ user }}",
                            "metric": "",
                            "refId": "A",
                            "step": 300
                        }
                    ],
                    "thresholds": [],
                    "timeFrom": null,
                    "timeShift": null,
                    "title": "Top Users by Rows Fetched/Read",
                    "tooltip": {
                        "msResolution": false,
                        "shared": true,
                        "sort": 2,
                        "value_type": "individual"
                    },
                    "type": "graph",
                    "xaxis": {
                        "mode": "time",
                        "name": null,
                        "show": true,
                        "values": []
                    },
                    "yaxes": [
                        {
                            "format": "short",
                            "logBase": 1,
                            "max": null,
                            "min": 0,
                            "show": true
                        },
                        {
                            "format": "short",
                            "logBase": 1,
                            "max": null,
                            "min": 0,
                            "show": true
                        }
                    ]
                },
                {
                    "aliasColors": {},
                    "bars": false,
                    "datasource": "Prom",
                    "decimals": 2,
                    "editable": true,
                    "error": false,
                    "fill": 2,
                    "grid": {},
                    "id": 38,
                    "legend": {
                        "alignAsTable": false,
                        "avg": false,
                        "current": false,
                        "hideEmpty": false,
                        "max": false,
                        "min": false,
                        "rightSide": false,
                        "show": true,
                        "total": false,
                        "values": false
                    },
                    "lines": true,
                    "linewidth": 2,
                    "links": [],
                    "nullPointMode": "null",
                    "percentage": false,
                    "pointradius": 5,
                    "points": false,
                    "renderer": "flot",
                    "seriesOverrides": [],
                    "span": 6,
                    "stack": false,
                    "steppedLine": false,
                    "targets": [
                        {
                            "calculatedInterval": "2m",
                            "datasourceErrors": {},
                            "errors": {},
                            "expr": "topk(5, rate(mysql_info_schema_user_statistics_rows_updated_total{instance=\"$host\"}[$interval])>0) or topk(5, irate(mysql_info_schema_user_statistics_rows_updated_total{instance=\"$host\"}[5m])>0)",
                            "interval": "$interval",
                            "intervalFactor": 1,
                            "legendFormat": "{{ user }}",
                            "metric": "",
                            "refId": "A",
                            "step": 300
                        }
                    ],
                    "thresholds": [],
                    "timeFrom": null,
                    "timeShift": null,
                    "title": "Top Users by Rows Updated",
                    "tooltip": {
                        "msResolution": false,
                        "shared": true,
                        "sort": 2,
                        "value_type": "individual"
                    },
                    "type": "graph",
                    "xaxis": {
                        "mode": "time",
                        "name": null,
                        "show": true,
                        "values": []
                    },
                    "yaxes": [
                        {
                            "format": "short",
                            "logBase": 1,
                            "max": null,
                            "min": 0,
                            "show": true
                        },
                        {
                            "format": "short",
                            "logBase": 1,
                            "max": null,
                            "min": 0,
                            "show": true
                        }
                    ]
                }
            ],
            "repeat": null,
            "repeatIteration": null,
            "repeatRowId": null,
            "showTitle": false,
            "title": "Rows",
            "titleSize": "h6"
        },
        {
            "collapse": false,
            "height": "250px",
            "panels": [
                {
                    "aliasColors": {},
                    "bars": false,
                    "datasource": "Prom",
                    "decimals": 2,
                    "editable": true,
                    "error": false,
                    "fill": 2,
                    "grid": {},
                    "id": 40,
                    "legend": {
                        "alignAsTable": false,
                        "avg": false,
                        "current": false,
                        "hideEmpty": false,
                        "max": false,
                        "min": false,
                        "rightSide": false,
                        "show": true,
                        "total": false,
                        "values": false
                    },
                    "lines": true,
                    "linewidth": 2,
                    "links": [],
                    "nullPointMode": "null",
                    "percentage": false,
                    "pointradius": 5,
                    "points": false,
                    "renderer": "flot",
                    "seriesOverrides": [],
                    "span": 6,
                    "stack": false,
                    "steppedLine": false,
                    "targets": [
                        {
                            "calculatedInterval": "2m",
                            "datasourceErrors": {},
                            "errors": {},
                            "expr": "topk(5, rate(mysql_info_schema_user_statistics_busy_seconds_total{instance=\"$host\"}[$interval])>0) or topk(5, irate(mysql_info_schema_user_statistics_busy_seconds_total{instance=\"$host\"}[5m])>0)",
                            "interval": "$interval",
                            "intervalFactor": 1,
                            "legendFormat": "{{ user }}",
                            "metric": "",
                            "refId": "A",
                            "step": 300
                        }
                    ],
                    "thresholds": [],
                    "timeFrom": null,
                    "timeShift": null,
                    "title": "Top Users by Busy Time",
                    "tooltip": {
                        "msResolution": false,
                        "shared": true,
                        "sort": 2,
                        "value_type": "individual"
                    },
                    "type": "graph",
                    "xaxis": {
                        "mode": "time",
                        "name": null,
                        "show": true,
                        "values": []
                    },
                    "yaxes": [
                        {
                            "format": "s",
                            "logBase": 1,
                            "max": null,
                            "min": 0,
                            "show": true
                        },
                        {
                            "format": "short",
                            "logBase": 1,
                            "max": null,
                            "min": 0,
                            "show": true
                        }
                    ]
                },
                {
                    "aliasColors": {},
                    "bars": false,
                    "datasource": "Prom",
                    "decimals": 2,
                    "editable": true,
                    "error": false,
                    "fill": 2,
                    "grid": {},
                    "id": 41,
                    "legend": {
                        "alignAsTable": false,
                        "avg": false,
                        "current": false,
                        "hideEmpty": false,
                        "max": false,
                        "min": false,
                        "rightSide": false,
                        "show": true,
                        "total": false,
                        "values": false
                    },
                    "lines": true,
                    "linewidth": 2,
                    "links": [],
                    "nullPointMode": "null",
                    "percentage": false,
                    "pointradius": 5,
                    "points": false,
                    "renderer": "flot",
                    "seriesOverrides": [],
                    "span": 6,
                    "stack": false,
                    "steppedLine": false,
                    "targets": [
                        {
                            "calculatedInterval": "2m",
                            "datasourceErrors": {},
                            "errors": {},
                            "expr": "topk(5, rate(mysql_info_schema_user_statistics_cpu_time_seconds_total{instance=\"$host\"}[$interval])>0) or topk(5, irate(mysql_info_schema_user_statistics_cpu_time_seconds_total{instance=\"$host\"}[5m])>0)",
                            "interval": "$interval",
                            "intervalFactor": 1,
                            "legendFormat": "{{ user }}",
                            "metric": "",
                            "refId": "A",
                            "step": 300
                        }
                    ],
                    "thresholds": [],
                    "timeFrom": null,
                    "timeShift": null,
                    "title": "Top Users by CPU Time",
                    "tooltip": {
                        "msResolution": false,
                        "shared": true,
                        "sort": 2,
                        "value_type": "individual"
                    },
                    "type": "graph",
                    "xaxis": {
                        "mode": "time",
                        "name": null,
                        "show": true,
                        "values": []
                    },
                    "yaxes": [
                        {
                            "format": "s",
                            "logBase": 1,
                            "max": null,
                            "min": 0,
                            "show": true
                        },
                        {
                            "format": "short",
                            "logBase": 1,
                            "max": null,
                            "min": 0,
                            "show": true
                        }
                    ]
                }
            ],
            "repeat": null,
            "repeatIteration": null,
            "repeatRowId": null,
            "showTitle": false,
            "title": "Busy",
            "titleSize": "h6"
        },
        {
            "collapse": false,
            "height": "50px",
            "panels": [
                {
                    "content": "These graphs are available only for [Percona Server](https://www.percona.com/doc/percona-server/5.6/diagnostics/user_stats.html) and [MariaDB](https://mariadb.com/kb/en/mariadb/user-statistics/) and require `userstat` variable turned on.",
                    "datasource": "Prom",
                    "editable": true,
                    "error": false,
                    "height": "50px",
                    "id": 36,
                    "links": [],
                    "mode": "markdown",
                    "span": 12,
                    "style": {},
                    "title": "",
                    "transparent": true,
                    "type": "text"
                }
            ],
            "repeat": null,
            "repeatIteration": null,
            "repeatRowId": null,
            "showTitle": false,
            "title": "Text",
            "titleSize": "h6"
        }
    ],
    "schemaVersion": 13,
    "sharedCrosshair": true,
    "style": "dark",
    "tags": [
        "MySQL",
        "Percona"
    ],
    "templating": {
        "list": [
            {
                "allFormat": "glob",
                "auto": true,
                "auto_count": 200,
                "auto_min": "1s",
                "current": {
                    "text": "auto",
                    "value": "$__auto_interval"
                },
                "datasource": "Prom",
                "hide": 0,
                "includeAll": false,
                "label": "Interval",
                "multi": false,
                "multiFormat": "glob",
                "name": "interval",
                "options": [
                    {
                        "selected": true,
                        "text": "auto",
                        "value": "$__auto_interval"
                    },
                    {
                        "selected": false,
                        "text": "1s",
                        "value": "1s"
                    },
                    {
                        "selected": false,
                        "text": "5s",
                        "value": "5s"
                    },
                    {
                        "selected": false,
                        "text": "1m",
                        "value": "1m"
                    },
                    {
                        "selected": false,
                        "text": "5m",
                        "value": "5m"
                    },
                    {
                        "selected": false,
                        "text": "1h",
                        "value": "1h"
                    },
                    {
                        "selected": false,
                        "text": "6h",
                        "value": "6h"
                    },
                    {
                        "selected": false,
                        "text": "1d",
                        "value": "1d"
                    }
                ],
                "query": "1s,5s,1m,5m,1h,6h,1d",
                "refresh": 2,
                "type": "interval"
            },
            {
                "allFormat": "glob",
                "allValue": null,
                "datasource": "Prom",
                "hide": 0,
                "includeAll": false,
                "label": "Host",
                "multi": false,
                "multiFormat": "regex values",
                "name": "host",
                "query": "label_values(mysql_info_schema_user_statistics_bytes_sent_total, instance)",
                "refresh": 1,
                "refresh_on_load": false,
                "regex": "",
                "sort": 1,
                "tagValuesQuery": null,
                "tagsQuery": null,
                "type": "query"
            }
        ]
    },
    "time": {
        "from": "now-12h",
        "to": "now"
    },
    "timepicker": {
        "collapse": false,
        "enable": true,
        "hidden": false,
        "notice": false,
        "now": true,
        "refresh_intervals": [
            "5s",
            "10s",
            "30s",
            "1m",
            "5m",
            "15m",
            "30m",
            "1h",
            "2h",
            "1d"
        ],
        "status": "Stable",
        "time_options": [
            "5m",
            "15m",
            "1h",
            "6h",
            "12h",
            "24h",
            "2d",
            "7d",
            "30d"
        ],
        "type": "timepicker"
    },
    "timezone": "browser",
    "title": "MySQL User Statistics",
    "version": 0
}