{
    "annotations": {
        "list": [
            {
                "builtIn": 1,
                "datasource": "-- Grafana --",
                "enable": true,
                "hide": false,
                "iconColor": "#e0752d",
                "limit": 100,
                "name": "PMM Annotations",
                "showIn": 0,
                "tags": [
                    "pmm_annotation"
                ],
                "type": "tags"
            }
        ]
    },
    "editable": false,
    "gnetId": null,
    "graphTooltip": 1,
    "hideControls": true,
    "id": null,
    "links": [
        {
            "icon": "dashboard",
            "includeVars": true,
            "keepTime": true,
            "tags": [
                "QAN"
            ],
            "targetBlank": false,
            "title": "Query Analytics",
            "type": "link",
            "url": "/graph/dashboard/db/_pmm-query-analytics"
        },
        {
            "asDropdown": true,
            "includeVars": true,
            "keepTime": true,
            "tags": [
                "OS"
            ],
            "targetBlank": false,
            "title": "OS",
            "type": "dashboards"
        },
        {
            "asDropdown": true,
            "includeVars": true,
            "keepTime": true,
            "tags": [
                "MySQL"
            ],
            "targetBlank": false,
            "title": "MySQL",
            "type": "dashboards"
        },
        {
            "asDropdown": true,
            "includeVars": true,
            "keepTime": true,
            "tags": [
                "MongoDB"
            ],
            "targetBlank": false,
            "title": "MongoDB",
            "type": "dashboards"
        },
        {
            "asDropdown": true,
            "includeVars": true,
            "keepTime": true,
            "tags": [
                "HA"
            ],
            "targetBlank": false,
            "title": "HA",
            "type": "dashboards"
        },
        {
            "asDropdown": true,
            "includeVars": true,
            "keepTime": true,
            "tags": [
                "Cloud"
            ],
            "targetBlank": false,
            "title": "Cloud",
            "type": "dashboards"
        },
        {
            "asDropdown": true,
            "includeVars": true,
            "keepTime": true,
            "tags": [
                "Insight"
            ],
            "targetBlank": false,
            "title": "Insight",
            "type": "dashboards"
        },
        {
            "asDropdown": true,
            "includeVars": true,
            "keepTime": true,
            "tags": [
                "PMM"
            ],
            "targetBlank": false,
            "title": "PMM",
            "type": "dashboards"
        }
    ],
    "refresh": "1m",
    "rows": [
        {
            "collapse": false,
            "height": "250px",
            "panels": [
                {
                    "aliasColors": {},
                    "bars": false,
                    "dashLength": 10,
                    "dashes": false,
                    "datasource": "Prom",
                    "decimals": 2,
                    "editable": true,
                    "error": false,
                    "fill": 2,
                    "grid": {},
                    "id": 47,
                    "legend": {
                        "alignAsTable": true,
                        "avg": true,
                        "current": false,
                        "hideEmpty": true,
                        "hideZero": true,
                        "max": true,
                        "min": false,
                        "rightSide": true,
                        "show": true,
                        "sort": "avg",
                        "sortDesc": true,
                        "total": false,
                        "values": true
                    },
                    "lines": true,
                    "linewidth": 2,
                    "links": [],
                    "nullPointMode": "null as zero",
                    "percentage": false,
                    "pointradius": 5,
                    "points": false,
                    "renderer": "flot",
                    "seriesOverrides": [],
                    "spaceLength": 10,
                    "span": 12,
                    "stack": true,
                    "steppedLine": false,
                    "targets": [
                        {
                            "expr": "topk(10, rate(mysql_perf_schema_file_events_total{instance=\"$host\"}[$interval])>0) or topk(10, irate(mysql_perf_schema_file_events_total{instance=\"$host\"}[5m])>0)",
                            "format": "time_series",
                            "interval": "$interval",
                            "intervalFactor": 1,
                            "legendFormat": "{{event_name}} {{mode}}",
                            "refId": "A",
                            "step": 300
                        }
                    ],
                    "thresholds": [],
                    "timeFrom": null,
                    "timeShift": null,
                    "title": "Performance Schema File IO (Events)",
                    "tooltip": {
                        "msResolution": false,
                        "shared": true,
                        "sort": 0,
                        "value_type": "cumulative"
                    },
                    "type": "graph",
                    "xaxis": {
                        "buckets": null,
                        "mode": "time",
                        "name": null,
                        "show": true,
                        "values": []
                    },
                    "yaxes": [
                        {
                            "format": "short",
                            "logBase": 1,
                            "max": null,
                            "min": 0,
                            "show": true
                        },
                        {
                            "format": "short",
                            "logBase": 1,
                            "max": null,
                            "min": 0,
                            "show": true
                        }
                    ]
                },
                {
                    "aliasColors": {},
                    "bars": false,
                    "dashLength": 10,
                    "dashes": false,
                    "datasource": "Prom",
                    "decimals": 2,
                    "editable": true,
                    "error": false,
                    "fill": 2,
                    "grid": {},
                    "id": 48,
                    "legend": {
                        "alignAsTable": true,
                        "avg": true,
                        "current": false,
                        "hideEmpty": true,
                        "hideZero": true,
                        "max": true,
                        "min": false,
                        "rightSide": true,
                        "show": true,
                        "sort": "avg",
                        "sortDesc": true,
                        "total": false,
                        "values": true
                    },
                    "lines": true,
                    "linewidth": 2,
                    "links": [],
                    "nullPointMode": "null as zero",
                    "percentage": false,
                    "pointradius": 5,
                    "points": false,
                    "renderer": "flot",
                    "seriesOverrides": [],
                    "spaceLength": 10,
                    "span": 12,
                    "stack": true,
                    "steppedLine": false,
                    "targets": [
                        {
                            "expr": "topk(10, rate(mysql_perf_schema_file_events_seconds_total{instance=\"$host\"}[$interval])>0) or topk(10, irate(mysql_perf_schema_file_events_seconds_total{instance=\"$host\"}[5m])>0)",
                            "interval": "$interval",
                            "intervalFactor": 1,
                            "legendFormat": "{{event_name}} {{mode}}",
                            "refId": "A",
                            "step": 300
                        }
                    ],
                    "thresholds": [],
                    "timeFrom": null,
                    "timeShift": null,
                    "title": "Performance Schema File IO (Load)",
                    "tooltip": {
                        "msResolution": false,
                        "shared": true,
                        "sort": 0,
                        "value_type": "individual"
                    },
                    "type": "graph",
                    "xaxis": {
                        "buckets": null,
                        "mode": "time",
                        "name": null,
                        "show": true,
                        "values": []
                    },
                    "yaxes": [
                        {
                            "format": "short",
                            "logBase": 1,
                            "max": null,
                            "min": 0,
                            "show": true
                        },
                        {
                            "format": "short",
                            "logBase": 1,
                            "max": null,
                            "min": 0,
                            "show": true
                        }
                    ]
                },
                {
                    "aliasColors": {},
                    "bars": false,
                    "dashLength": 10,
                    "dashes": false,
                    "datasource": "Prom",
                    "decimals": 2,
                    "editable": true,
                    "error": false,
                    "fill": 2,
                    "grid": {},
                    "id": 49,
                    "legend": {
                        "alignAsTable": true,
                        "avg": true,
                        "current": false,
                        "hideEmpty": true,
                        "hideZero": true,
                        "max": true,
                        "min": false,
                        "rightSide": true,
                        "show": true,
                        "sort": "avg",
                        "sortDesc": true,
                        "total": false,
                        "values": true
                    },
                    "lines": true,
                    "linewidth": 2,
                    "links": [],
                    "nullPointMode": "null as zero",
                    "percentage": false,
                    "pointradius": 5,
                    "points": false,
                    "renderer": "flot",
                    "seriesOverrides": [],
                    "spaceLength": 10,
                    "span": 12,
                    "stack": true,
                    "steppedLine": false,
                    "targets": [
                        {
                            "expr": "topk(10, rate(mysql_perf_schema_file_events_bytes_total{instance=\"$host\"}[$interval])>0) or topk(10, irate(mysql_perf_schema_file_events_bytes_total{instance=\"$host\"}[5m])>0)",
                            "interval": "$interval",
                            "intervalFactor": 1,
                            "legendFormat": "{{event_name}} {{mode}}",
                            "refId": "A",
                            "step": 300
                        }
                    ],
                    "thresholds": [],
                    "timeFrom": null,
                    "timeShift": null,
                    "title": "Performance Schema File IO (Bytes)",
                    "tooltip": {
                        "msResolution": false,
                        "shared": true,
                        "sort": 0,
                        "value_type": "cumulative"
                    },
                    "type": "graph",
                    "xaxis": {
                        "buckets": null,
                        "mode": "time",
                        "name": null,
                        "show": true,
                        "values": []
                    },
                    "yaxes": [
                        {
                            "format": "Bps",
                            "logBase": 1,
                            "max": null,
                            "min": 0,
                            "show": true
                        },
                        {
                            "format": "short",
                            "logBase": 1,
                            "max": null,
                            "min": 0,
                            "show": true
                        }
                    ]
                },
                {
                    "aliasColors": {},
                    "bars": false,
                    "dashLength": 10,
                    "dashes": false,
                    "datasource": "Prom",
                    "decimals": 2,
                    "editable": true,
                    "error": false,
                    "fill": 2,
                    "grid": {},
                    "id": 51,
                    "legend": {
                        "alignAsTable": true,
                        "avg": true,
                        "current": false,
                        "hideEmpty": true,
                        "hideZero": true,
                        "max": true,
                        "min": false,
                        "rightSide": true,
                        "show": true,
                        "sort": "avg",
                        "sortDesc": true,
                        "total": false,
                        "values": true
                    },
                    "lines": true,
                    "linewidth": 2,
                    "links": [],
                    "nullPointMode": "null as zero",
                    "percentage": false,
                    "pointradius": 5,
                    "points": false,
                    "renderer": "flot",
                    "seriesOverrides": [],
                    "spaceLength": 10,
                    "span": 12,
                    "stack": true,
                    "steppedLine": false,
                    "targets": [
                        {
                            "expr": "topk(5, rate(mysql_perf_schema_events_waits_total{instance=\"$host\"}[$interval])>0) or topk(5, irate(mysql_perf_schema_events_waits_total{instance=\"$host\"}[5m])>0)",
                            "interval": "$interval",
                            "intervalFactor": 1,
                            "legendFormat": "{{event_name}} ",
                            "refId": "A",
                            "step": 300
                        }
                    ],
                    "thresholds": [],
                    "timeFrom": null,
                    "timeShift": null,
                    "title": "Performance Schema Waits (Events)",
                    "tooltip": {
                        "msResolution": false,
                        "shared": true,
                        "sort": 0,
                        "value_type": "cumulative"
                    },
                    "type": "graph",
                    "xaxis": {
                        "buckets": null,
                        "mode": "time",
                        "name": null,
                        "show": true,
                        "values": []
                    },
                    "yaxes": [
                        {
                            "format": "short",
                            "logBase": 1,
                            "max": null,
                            "min": 0,
                            "show": true
                        },
                        {
                            "format": "short",
                            "logBase": 1,
                            "max": null,
                            "min": 0,
                            "show": true
                        }
                    ]
                },
                {
                    "aliasColors": {},
                    "bars": false,
                    "dashLength": 10,
                    "dashes": false,
                    "datasource": "Prom",
                    "decimals": 2,
                    "editable": true,
                    "error": false,
                    "fill": 1,
                    "grid": {},
                    "id": 52,
                    "legend": {
                        "alignAsTable": true,
                        "avg": true,
                        "current": false,
                        "hideEmpty": true,
                        "hideZero": true,
                        "max": true,
                        "min": false,
                        "rightSide": true,
                        "show": true,
                        "sort": "avg",
                        "sortDesc": true,
                        "total": false,
                        "values": true
                    },
                    "lines": true,
                    "linewidth": 2,
                    "links": [],
                    "nullPointMode": "null as zero",
                    "percentage": false,
                    "pointradius": 5,
                    "points": false,
                    "renderer": "flot",
                    "seriesOverrides": [],
                    "spaceLength": 10,
                    "span": 12,
                    "stack": true,
                    "steppedLine": true,
                    "targets": [
                        {
                            "expr": "topk(5, rate(mysql_perf_schema_events_waits_seconds_total{instance=\"$host\",event_name!='idle',event_name!='wait/io/table/sql/handler'}[$interval])>0) or topk(5, irate(mysql_perf_schema_events_waits_seconds_total{instance=\"$host\",event_name!='idle',event_name!='wait/io/table/sql/handler'}[5m])>0)",
                            "hide": false,
                            "interval": "$interval",
                            "intervalFactor": 1,
                            "legendFormat": "{{event_name}} ",
                            "refId": "A",
                            "step": 300
                        }
                    ],
                    "thresholds": [],
                    "timeFrom": null,
                    "timeShift": null,
                    "title": "Performance Schema Waits (Load)",
                    "tooltip": {
                        "msResolution": false,
                        "shared": true,
                        "sort": 0,
                        "value_type": "individual"
                    },
                    "type": "graph",
                    "xaxis": {
                        "buckets": null,
                        "mode": "time",
                        "name": null,
                        "show": true,
                        "values": []
                    },
                    "yaxes": [
                        {
                            "format": "short",
                            "logBase": 1,
                            "max": null,
                            "min": 0,
                            "show": true
                        },
                        {
                            "format": "short",
                            "logBase": 1,
                            "max": null,
                            "min": 0,
                            "show": true
                        }
                    ]
                },
                {
                    "aliasColors": {},
                    "bars": false,
                    "dashLength": 10,
                    "dashes": false,
                    "datasource": "Prom",
                    "decimals": 2,
                    "editable": true,
                    "error": false,
                    "fill": 1,
                    "grid": {},
                    "id": 77,
                    "legend": {
                        "alignAsTable": true,
                        "avg": true,
                        "current": false,
                        "hideEmpty": true,
                        "hideZero": true,
                        "max": true,
                        "min": false,
                        "rightSide": true,
                        "show": true,
                        "sort": "avg",
                        "sortDesc": true,
                        "total": false,
                        "values": true
                    },
                    "lines": true,
                    "linewidth": 2,
                    "links": [],
                    "nullPointMode": "null as zero",
                    "percentage": false,
                    "pointradius": 5,
                    "points": false,
                    "renderer": "flot",
                    "seriesOverrides": [],
                    "spaceLength": 10,
                    "span": 12,
                    "stack": true,
                    "steppedLine": true,
                    "targets": [
                        {
                            "expr": "topk(5, rate(mysql_perf_schema_index_io_waits_seconds_total{instance=\"$host\"}[$interval])>0) or topk(5, irate(mysql_perf_schema_index_io_waits_seconds_total{instance=\"$host\"}[5m])>0)",
                            "hide": false,
                            "interval": "$interval",
                            "intervalFactor": 1,
                            "legendFormat": "{{operation}} {{index}} {{schema}}.{{name}}",
                            "refId": "A",
                            "step": 300
                        }
                    ],
                    "thresholds": [],
                    "timeFrom": null,
                    "timeShift": null,
                    "title": "Index Access Operations (Load)",
                    "tooltip": {
                        "msResolution": false,
                        "shared": true,
                        "sort": 0,
                        "value_type": "individual"
                    },
                    "type": "graph",
                    "xaxis": {
                        "buckets": null,
                        "mode": "time",
                        "name": null,
                        "show": true,
                        "values": []
                    },
                    "yaxes": [
                        {
                            "format": "short",
                            "logBase": 1,
                            "max": null,
                            "min": 0,
                            "show": true
                        },
                        {
                            "format": "short",
                            "logBase": 1,
                            "max": null,
                            "min": 0,
                            "show": true
                        }
                    ]
                },
                {
                    "aliasColors": {},
                    "bars": false,
                    "dashLength": 10,
                    "dashes": false,
                    "datasource": "Prom",
                    "decimals": 2,
                    "editable": true,
                    "error": false,
                    "fill": 1,
                    "grid": {},
                    "id": 78,
                    "legend": {
                        "alignAsTable": true,
                        "avg": true,
                        "current": false,
                        "hideEmpty": true,
                        "hideZero": true,
                        "max": true,
                        "min": false,
                        "rightSide": true,
                        "show": true,
                        "sort": "avg",
                        "sortDesc": true,
                        "total": false,
                        "values": true
                    },
                    "lines": true,
                    "linewidth": 2,
                    "links": [],
                    "nullPointMode": "null as zero",
                    "percentage": false,
                    "pointradius": 5,
                    "points": false,
                    "renderer": "flot",
                    "seriesOverrides": [],
                    "spaceLength": 10,
                    "span": 12,
                    "stack": true,
                    "steppedLine": true,
                    "targets": [
                        {
                            "expr": "topk(5, rate(mysql_perf_schema_table_io_waits_seconds_total{instance=\"$host\"}[$interval])>0) or topk(5, irate(mysql_perf_schema_table_io_waits_seconds_total{instance=\"$host\"}[5m])>0)",
                            "format": "time_series",
                            "hide": false,
                            "interval": "$interval",
                            "intervalFactor": 1,
                            "legendFormat": "{{operation}} {{schema}}.{{name}}",
                            "refId": "A",
                            "step": 300
                        }
                    ],
                    "thresholds": [],
                    "timeFrom": null,
                    "timeShift": null,
                    "title": "Table Access Operations (Load)",
                    "tooltip": {
                        "msResolution": false,
                        "shared": true,
                        "sort": 0,
                        "value_type": "individual"
                    },
                    "type": "graph",
                    "xaxis": {
                        "buckets": null,
                        "mode": "time",
                        "name": null,
                        "show": true,
                        "values": []
                    },
                    "yaxes": [
                        {
                            "format": "short",
                            "logBase": 1,
                            "max": null,
                            "min": 0,
                            "show": true
                        },
                        {
                            "format": "short",
                            "logBase": 1,
                            "max": null,
                            "min": 0,
                            "show": true
                        }
                    ]
                }
            ],
            "repeat": null,
            "repeatIteration": null,
            "repeatRowId": null,
            "showTitle": false,
            "title": "New row",
            "titleSize": "h6"
        },
        {
            "collapse": false,
            "height": 250,
            "panels": [
                {
                    "aliasColors": {},
                    "bars": false,
                    "dashLength": 10,
                    "dashes": false,
                    "datasource": "Prom",
                    "decimals": 2,
                    "fill": 2,
                    "id": 79,
                    "legend": {
                        "alignAsTable": true,
                        "avg": true,
                        "current": false,
                        "max": true,
                        "min": false,
                        "rightSide": true,
                        "show": true,
                        "total": false,
                        "values": true
                    },
                    "lines": true,
                    "linewidth": 2,
                    "links": [],
                    "nullPointMode": "null as zero",
                    "percentage": false,
                    "pointradius": 5,
                    "points": false,
                    "renderer": "flot",
                    "seriesOverrides": [],
                    "spaceLength": 10,
                    "span": 12,
                    "stack": true,
                    "steppedLine": false,
                    "targets": [
                        {
                            "expr": "topk(10, rate(mysql_perf_schema_sql_lock_waits_total{instance=\"$host\"}[$interval])) or topk(10, irate(mysql_perf_schema_sql_lock_waits_total{instance=\"$host\"}[5m]))",
                            "format": "time_series",
                            "hide": false,
                            "interval": "$interval",
                            "intervalFactor": 1,
                            "legendFormat": "SQL Lock Waits {{ schema }}.{{ operation }}",
                            "refId": "A"
                        },
                        {
                            "expr": "topk(10, rate(mysql_perf_schema_external_lock_waits_total{instance=\"$host\"}[$interval])>0) or topk(10, irate(mysql_perf_schema_external_lock_waits_total{instance=\"$host\"}[5m])>0)",
                            "format": "time_series",
                            "interval": "$interval",
                            "intervalFactor": 1,
                            "legendFormat": "External Lock Waits {{ schema }}.{{ operation }}",
                            "refId": "B"
                        }
                    ],
                    "thresholds": [],
                    "timeFrom": null,
                    "timeShift": null,
                    "title": "Performance Schema SQL & External Locks (Events)",
                    "tooltip": {
                        "shared": true,
                        "sort": 0,
                        "value_type": "individual"
                    },
                    "type": "graph",
                    "xaxis": {
                        "buckets": null,
                        "mode": "time",
                        "name": null,
                        "show": true,
                        "values": []
                    },
                    "yaxes": [
                        {
                            "decimals": null,
                            "format": "short",
                            "label": null,
                            "logBase": 1,
                            "max": null,
                            "min": "0",
                            "show": true
                        },
                        {
                            "format": "short",
                            "label": null,
                            "logBase": 1,
                            "max": null,
                            "min": null,
                            "show": false
                        }
                    ]
                }
            ],
            "repeat": null,
            "repeatIteration": null,
            "repeatRowId": null,
            "showTitle": false,
            "title": "Dashboard Row",
            "titleSize": "h6"
        },
        {
            "collapse": false,
            "height": 250,
            "panels": [
                {
                    "aliasColors": {},
                    "bars": false,
                    "dashLength": 10,
                    "dashes": false,
                    "datasource": "Prom",
                    "fill": 2,
                    "id": 80,
                    "legend": {
                        "alignAsTable": true,
                        "avg": true,
                        "current": false,
                        "max": true,
                        "min": false,
                        "rightSide": true,
                        "show": true,
                        "total": false,
                        "values": true
                    },
                    "lines": true,
                    "linewidth": 2,
                    "links": [],
                    "nullPointMode": "null as zero",
                    "percentage": false,
                    "pointradius": 5,
                    "points": false,
                    "renderer": "flot",
                    "seriesOverrides": [],
                    "spaceLength": 10,
                    "span": 12,
                    "stack": false,
                    "steppedLine": false,
                    "targets": [
                        {
                            "expr": "topk(10, rate(mysql_perf_schema_external_lock_waits_seconds_total{instance=\"$host\"}[$interval])>0) or topk(10, irate(mysql_perf_schema_external_lock_waits_seconds_total{instance=\"$host\"}[5m])>0)",
                            "format": "time_series",
                            "hide": false,
                            "interval": "$interval",
                            "intervalFactor": 1,
                            "legendFormat": "External Locks Waits {{ schema }}.{{ name }}.{{ operation }}",
                            "refId": "A"
                        },
                        {
                            "expr": "topk(10, rate(mysql_perf_schema_sql_lock_waits_seconds_total{instance=\"$host\"}[$interval])>0) or topk(10, irate(mysql_perf_schema_sql_lock_waits_seconds_total{instance=\"$host\"}[5m])>0)",
                            "format": "time_series",
                            "hide": false,
                            "interval": "$interval",
                            "intervalFactor": 1,
                            "legendFormat": "SQL Locks Waits {{ schema }}.{{ name }}.{{ operation }}",
                            "refId": "B"
                        }
                    ],
                    "thresholds": [],
                    "timeFrom": null,
                    "timeShift": null,
                    "title": "Performance Schema SQL and External Locks (Seconds)",
                    "tooltip": {
                        "shared": true,
                        "sort": 0,
                        "value_type": "individual"
                    },
                    "type": "graph",
                    "xaxis": {
                        "buckets": null,
                        "mode": "time",
                        "name": null,
                        "show": true,
                        "values": []
                    },
                    "yaxes": [
                        {
                            "format": "s",
                            "label": null,
                            "logBase": 1,
                            "max": null,
                            "min": null,
                            "show": true
                        },
                        {
                            "format": "short",
                            "label": null,
                            "logBase": 1,
                            "max": null,
                            "min": null,
                            "show": false
                        }
                    ]
                }
            ],
            "repeat": null,
            "repeatIteration": null,
            "repeatRowId": null,
            "showTitle": false,
            "title": "Dashboard Row",
            "titleSize": "h6"
        }
    ],
    "schemaVersion": 14,
    "style": "dark",
    "tags": [
        "MySQL",
        "Percona"
    ],
    "templating": {
        "list": [
            {
                "allFormat": "glob",
                "auto": true,
                "auto_count": 200,
                "auto_min": "1s",
                "current": {
                    "text": "auto",
                    "value": "$__auto_interval"
                },
                "datasource": "Prom",
                "hide": 0,
                "includeAll": false,
                "label": "Interval",
                "multi": false,
                "multiFormat": "glob",
                "name": "interval",
                "options": [
                    {
                        "selected": true,
                        "text": "auto",
                        "value": "$__auto_interval"
                    },
                    {
                        "selected": false,
                        "text": "1s",
                        "value": "1s"
                    },
                    {
                        "selected": false,
                        "text": "5s",
                        "value": "5s"
                    },
                    {
                        "selected": false,
                        "text": "1m",
                        "value": "1m"
                    },
                    {
                        "selected": false,
                        "text": "5m",
                        "value": "5m"
                    },
                    {
                        "selected": false,
                        "text": "1h",
                        "value": "1h"
                    },
                    {
                        "selected": false,
                        "text": "6h",
                        "value": "6h"
                    },
                    {
                        "selected": false,
                        "text": "1d",
                        "value": "1d"
                    }
                ],
                "query": "1s,5s,1m,5m,1h,6h,1d",
                "refresh": 2,
                "type": "interval"
            },
            {
                "allFormat": "glob",
                "allValue": null,
                "current": {},
                "datasource": "Prom",
                "hide": 0,
                "includeAll": false,
                "label": "Host",
                "multi": false,
                "multiFormat": "regex values",
                "name": "host",
                "options": [],
                "query": "label_values(mysql_up, instance)",
                "refresh": 1,
                "refresh_on_load": false,
                "regex": "",
                "sort": 1,
                "tagValuesQuery": null,
                "tags": [],
                "tagsQuery": null,
                "type": "query",
                "useTags": false
            }
        ]
    },
    "time": {
        "from": "now-12h",
        "to": "now"
    },
    "timepicker": {
        "collapse": false,
        "enable": true,
        "hidden": false,
        "notice": false,
        "now": true,
        "refresh_intervals": [
            "5s",
            "10s",
            "30s",
            "1m",
            "5m",
            "15m",
            "30m",
            "1h",
            "2h",
            "1d"
        ],
        "status": "Stable",
        "time_options": [
            "5m",
            "15m",
            "1h",
            "6h",
            "12h",
            "24h",
            "2d",
            "7d",
            "30d"
        ],
        "type": "timepicker"
    },
    "timezone": "browser",
    "title": "MySQL Performance Schema",
    "version": 1
}