{
    "annotations": {
        "list": [
            {
                "builtIn": 1,
                "datasource": "-- Grafana --",
                "enable": true,
                "hide": false,
                "iconColor": "#e0752d",
                "limit": 100,
                "name": "PMM Annotations",
                "showIn": 0,
                "tags": [
                    "pmm_annotation"
                ],
                "type": "tags"
            }
        ]
    },
    "editable": true,
    "gnetId": null,
    "graphTooltip": 0,
    "hideControls": true,
    "id": null,
    "links": [
        {
            "icon": "dashboard",
            "includeVars": true,
            "keepTime": true,
            "tags": [
                "QAN"
            ],
            "targetBlank": false,
            "title": "Query Analytics",
            "type": "link",
            "url": "/graph/dashboard/db/_pmm-query-analytics"
        },
        {
            "asDropdown": true,
            "includeVars": true,
            "keepTime": true,
            "tags": [
                "OS"
            ],
            "targetBlank": false,
            "title": "OS",
            "type": "dashboards"
        },
        {
            "asDropdown": true,
            "includeVars": true,
            "keepTime": true,
            "tags": [
                "MySQL"
            ],
            "targetBlank": false,
            "title": "MySQL",
            "type": "dashboards"
        },
        {
            "asDropdown": true,
            "includeVars": true,
            "keepTime": true,
            "tags": [
                "MongoDB"
            ],
            "targetBlank": false,
            "title": "MongoDB",
            "type": "dashboards"
        },
        {
            "asDropdown": true,
            "includeVars": true,
            "keepTime": true,
            "tags": [
                "HA"
            ],
            "targetBlank": false,
            "title": "HA",
            "type": "dashboards"
        },
        {
            "asDropdown": true,
            "includeVars": true,
            "keepTime": true,
            "tags": [
                "Cloud"
            ],
            "targetBlank": false,
            "title": "Cloud",
            "type": "dashboards"
        },
        {
            "asDropdown": true,
            "includeVars": true,
            "keepTime": true,
            "tags": [
                "Insight"
            ],
            "targetBlank": false,
            "title": "Insight",
            "type": "dashboards"
        },
        {
            "asDropdown": true,
            "includeVars": true,
            "keepTime": true,
            "tags": [
                "PMM"
            ],
            "targetBlank": false,
            "title": "PMM",
            "type": "dashboards"
        }
    ],
    "refresh": "1m",
    "rows": [
        {
            "collapse": false,
            "height": "125px",
            "panels": [
                {
                    "aliasColors": {},
                    "bars": false,
                    "dashLength": 10,
                    "dashes": false,
                    "datasource": "Prom",
                    "decimals": 0,
                    "editable": true,
                    "error": false,
                    "fill": 0,
                    "grid": {},
                    "id": 42,
                    "legend": {
                        "alignAsTable": true,
                        "avg": true,
                        "current": false,
                        "max": true,
                        "min": true,
                        "rightSide": true,
                        "show": false,
                        "total": false,
                        "values": true
                    },
                    "lines": true,
                    "linewidth": 2,
                    "links": [],
                    "nullPointMode": "null",
                    "percentage": false,
                    "pointradius": 5,
                    "points": false,
                    "renderer": "flot",
                    "seriesOverrides": [
                        {
                            "alias": "Size",
                            "color": "#5195CE"
                        }
                    ],
                    "spaceLength": 10,
                    "span": 12,
                    "stack": false,
                    "steppedLine": true,
                    "targets": [
                        {
                            "calculatedInterval": "2m",
                            "datasourceErrors": {},
                            "errors": {},
                            "expr": "min(mysql_global_status_wsrep_cluster_size * on (instance) group_left mysql_galera_variables_info{wsrep_cluster_name=\"$cluster\"})",
                            "interval": "$interval",
                            "intervalFactor": 1,
                            "legendFormat": "Size",
                            "metric": "",
                            "refId": "C",
                            "step": 300,
                            "target": ""
                        }
                    ],
                    "thresholds": [],
                    "timeFrom": null,
                    "timeShift": null,
                    "title": "Percona XtraDB / Galera Cluster Size",
                    "tooltip": {
                        "msResolution": false,
                        "shared": true,
                        "sort": 0,
                        "value_type": "cumulative"
                    },
                    "transparent": true,
                    "type": "graph",
                    "xaxis": {
                        "buckets": null,
                        "mode": "time",
                        "name": null,
                        "show": false,
                        "values": []
                    },
                    "yaxes": [
                        {
                            "format": "short",
                            "label": "",
                            "logBase": 2,
                            "max": null,
                            "min": 1,
                            "show": true
                        },
                        {
                            "format": "short",
                            "logBase": 1,
                            "max": null,
                            "min": 0,
                            "show": false
                        }
                    ]
                }
            ],
            "repeat": null,
            "repeatIteration": null,
            "repeatRowId": null,
            "showTitle": false,
            "title": "Size/Queue",
            "titleSize": "h6"
        },
        {
            "collapse": false,
            "height": "250px",
            "panels": [
                {
                    "aliasColors": {},
                    "bars": false,
                    "dashLength": 10,
                    "dashes": false,
                    "datasource": "Prom",
                    "decimals": null,
                    "editable": true,
                    "error": false,
                    "fill": 2,
                    "grid": {},
                    "id": 52,
                    "legend": {
                        "alignAsTable": true,
                        "avg": true,
                        "current": false,
                        "max": true,
                        "min": true,
                        "show": true,
                        "total": false,
                        "values": true
                    },
                    "lines": true,
                    "linewidth": 2,
                    "links": [],
                    "nullPointMode": "null",
                    "percentage": false,
                    "pointradius": 5,
                    "points": false,
                    "renderer": "flot",
                    "seriesOverrides": [],
                    "spaceLength": 10,
                    "span": 6,
                    "stack": false,
                    "steppedLine": false,
                    "targets": [
                        {
                            "calculatedInterval": "2m",
                            "datasourceErrors": {},
                            "errors": {},
                            "expr": "clamp_max((rate(mysql_global_status_wsrep_flow_control_paused_ns[$interval]) or irate(mysql_global_status_wsrep_flow_control_paused_ns[5m]))/1000000000 * on (instance) group_left mysql_galera_variables_info{wsrep_cluster_name=\"$cluster\"},1)",
                            "format": "time_series",
                            "interval": "$interval",
                            "intervalFactor": 1,
                            "legendFormat": "{{ instance }}",
                            "metric": "",
                            "refId": "A",
                            "step": 300
                        }
                    ],
                    "thresholds": [],
                    "timeFrom": null,
                    "timeShift": null,
                    "title": "Flow Control Paused Time",
                    "tooltip": {
                        "msResolution": false,
                        "shared": true,
                        "sort": 0,
                        "value_type": "cumulative"
                    },
                    "type": "graph",
                    "xaxis": {
                        "buckets": null,
                        "mode": "time",
                        "name": null,
                        "show": true,
                        "values": []
                    },
                    "yaxes": [
                        {
                            "decimals": 0,
                            "format": "percentunit",
                            "logBase": 1,
                            "max": 1,
                            "min": 0,
                            "show": true
                        },
                        {
                            "format": "short",
                            "logBase": 1,
                            "max": null,
                            "min": 0,
                            "show": false
                        }
                    ]
                },
                {
                    "aliasColors": {},
                    "bars": false,
                    "dashLength": 10,
                    "dashes": false,
                    "datasource": "Prom",
                    "decimals": null,
                    "editable": true,
                    "error": false,
                    "fill": 2,
                    "grid": {},
                    "id": 53,
                    "legend": {
                        "alignAsTable": true,
                        "avg": true,
                        "current": false,
                        "max": true,
                        "min": true,
                        "show": true,
                        "total": false,
                        "values": true
                    },
                    "lines": true,
                    "linewidth": 2,
                    "links": [],
                    "nullPointMode": "null",
                    "percentage": false,
                    "pointradius": 5,
                    "points": false,
                    "renderer": "flot",
                    "seriesOverrides": [],
                    "spaceLength": 10,
                    "span": 6,
                    "stack": false,
                    "steppedLine": false,
                    "targets": [
                        {
                            "calculatedInterval": "2m",
                            "datasourceErrors": {},
                            "errors": {},
                            "expr": "(rate(mysql_global_status_wsrep_flow_control_sent[$interval]) or irate(mysql_global_status_wsrep_flow_control_sent[5m])) * on (instance) group_left mysql_galera_variables_info{wsrep_cluster_name=\"$cluster\"}",
                            "interval": "$interval",
                            "intervalFactor": 1,
                            "legendFormat": "{{ instance }}",
                            "metric": "",
                            "refId": "A",
                            "step": 300
                        }
                    ],
                    "thresholds": [],
                    "timeFrom": null,
                    "timeShift": null,
                    "title": "Flow Control Messages Sent",
                    "tooltip": {
                        "msResolution": false,
                        "shared": true,
                        "sort": 0,
                        "value_type": "cumulative"
                    },
                    "type": "graph",
                    "xaxis": {
                        "buckets": null,
                        "mode": "time",
                        "name": null,
                        "show": true,
                        "values": []
                    },
                    "yaxes": [
                        {
                            "format": "short",
                            "logBase": 1,
                            "max": null,
                            "min": 0,
                            "show": true
                        },
                        {
                            "format": "short",
                            "logBase": 1,
                            "max": null,
                            "min": 0,
                            "show": true
                        }
                    ]
                }
            ],
            "repeat": null,
            "repeatIteration": null,
            "repeatRowId": null,
            "showTitle": false,
            "title": "FC",
            "titleSize": "h6"
        },
        {
            "collapse": false,
            "height": "250px",
            "panels": [
                {
                    "aliasColors": {},
                    "bars": false,
                    "dashLength": 10,
                    "dashes": false,
                    "datasource": "Prom",
                    "decimals": null,
                    "editable": true,
                    "error": false,
                    "fill": 6,
                    "grid": {},
                    "id": 9,
                    "legend": {
                        "alignAsTable": true,
                        "avg": true,
                        "current": false,
                        "max": true,
                        "min": true,
                        "rightSide": false,
                        "show": true,
                        "total": false,
                        "values": true
                    },
                    "lines": true,
                    "linewidth": 2,
                    "links": [],
                    "nullPointMode": "null",
                    "percentage": false,
                    "pointradius": 5,
                    "points": false,
                    "renderer": "flot",
                    "seriesOverrides": [],
                    "spaceLength": 10,
                    "span": 6,
                    "stack": true,
                    "steppedLine": false,
                    "targets": [
                        {
                            "calculatedInterval": "2m",
                            "datasourceErrors": {},
                            "errors": {},
                            "expr": "(rate(mysql_global_status_wsrep_received_bytes[$interval]) or irate(mysql_global_status_wsrep_received_bytes[5m])) * on (instance) group_left mysql_galera_variables_info{wsrep_cluster_name=\"$cluster\"}",
                            "interval": "$interval",
                            "intervalFactor": 1,
                            "legendFormat": "{{ instance }}",
                            "metric": "",
                            "refId": "A",
                            "step": 300
                        }
                    ],
                    "thresholds": [],
                    "timeFrom": null,
                    "timeShift": null,
                    "title": "Writeset Inbound Traffic",
                    "tooltip": {
                        "msResolution": false,
                        "shared": true,
                        "sort": 0,
                        "value_type": "individual"
                    },
                    "type": "graph",
                    "xaxis": {
                        "buckets": null,
                        "mode": "time",
                        "name": null,
                        "show": true,
                        "values": []
                    },
                    "yaxes": [
                        {
                            "format": "bytes",
                            "logBase": 1,
                            "max": null,
                            "min": 0,
                            "show": true
                        },
                        {
                            "format": "none",
                            "logBase": 1,
                            "max": null,
                            "min": 0,
                            "show": true
                        }
                    ]
                },
                {
                    "aliasColors": {},
                    "bars": false,
                    "dashLength": 10,
                    "dashes": false,
                    "datasource": "Prom",
                    "decimals": null,
                    "editable": true,
                    "error": false,
                    "fill": 6,
                    "grid": {},
                    "id": 47,
                    "legend": {
                        "alignAsTable": true,
                        "avg": true,
                        "current": false,
                        "max": true,
                        "min": true,
                        "rightSide": false,
                        "show": true,
                        "total": false,
                        "values": true
                    },
                    "lines": true,
                    "linewidth": 2,
                    "links": [],
                    "nullPointMode": "null",
                    "percentage": false,
                    "pointradius": 5,
                    "points": false,
                    "renderer": "flot",
                    "seriesOverrides": [],
                    "spaceLength": 10,
                    "span": 6,
                    "stack": true,
                    "steppedLine": false,
                    "targets": [
                        {
                            "calculatedInterval": "2m",
                            "datasourceErrors": {},
                            "errors": {},
                            "expr": "(rate(mysql_global_status_wsrep_replicated_bytes[$interval]) or irate(mysql_global_status_wsrep_replicated_bytes[5m])) * on (instance) group_left mysql_galera_variables_info{wsrep_cluster_name=\"$cluster\"}",
                            "interval": "$interval",
                            "intervalFactor": 1,
                            "legendFormat": "{{ instance }}",
                            "metric": "",
                            "refId": "A",
                            "step": 300
                        }
                    ],
                    "thresholds": [],
                    "timeFrom": null,
                    "timeShift": null,
                    "title": "Writeset Outbound Traffic",
                    "tooltip": {
                        "msResolution": false,
                        "shared": true,
                        "sort": 0,
                        "value_type": "individual"
                    },
                    "type": "graph",
                    "xaxis": {
                        "buckets": null,
                        "mode": "time",
                        "name": null,
                        "show": true,
                        "values": []
                    },
                    "yaxes": [
                        {
                            "format": "bytes",
                            "logBase": 1,
                            "max": null,
                            "min": 0,
                            "show": true
                        },
                        {
                            "format": "none",
                            "logBase": 1,
                            "max": null,
                            "min": 0,
                            "show": true
                        }
                    ]
                }
            ],
            "repeat": null,
            "repeatIteration": null,
            "repeatRowId": null,
            "showTitle": false,
            "title": "Traffic",
            "titleSize": "h6"
        },
        {
            "collapse": false,
            "height": "250px",
            "panels": [
                {
                    "aliasColors": {},
                    "bars": false,
                    "dashLength": 10,
                    "dashes": false,
                    "datasource": "Prom",
                    "decimals": null,
                    "editable": true,
                    "error": false,
                    "fill": 2,
                    "grid": {},
                    "id": 48,
                    "legend": {
                        "alignAsTable": true,
                        "avg": true,
                        "current": false,
                        "max": true,
                        "min": true,
                        "show": true,
                        "total": false,
                        "values": true
                    },
                    "lines": true,
                    "linewidth": 2,
                    "links": [],
                    "nullPointMode": "null",
                    "percentage": false,
                    "pointradius": 5,
                    "points": false,
                    "renderer": "flot",
                    "seriesOverrides": [],
                    "spaceLength": 10,
                    "span": 6,
                    "stack": false,
                    "steppedLine": false,
                    "targets": [
                        {
                            "calculatedInterval": "2m",
                            "datasourceErrors": {},
                            "errors": {},
                            "expr": "mysql_global_status_wsrep_local_recv_queue * on (instance) group_left mysql_galera_variables_info{wsrep_cluster_name=\"$cluster\"}",
                            "interval": "$interval",
                            "intervalFactor": 1,
                            "legendFormat": "{{ instance }}",
                            "metric": "",
                            "refId": "A",
                            "step": 300
                        }
                    ],
                    "thresholds": [],
                    "timeFrom": null,
                    "timeShift": null,
                    "title": "Receive Queue",
                    "tooltip": {
                        "msResolution": false,
                        "shared": true,
                        "sort": 0,
                        "value_type": "cumulative"
                    },
                    "type": "graph",
                    "xaxis": {
                        "buckets": null,
                        "mode": "time",
                        "name": null,
                        "show": true,
                        "values": []
                    },
                    "yaxes": [
                        {
                            "format": "short",
                            "logBase": 1,
                            "max": null,
                            "min": 0,
                            "show": true
                        },
                        {
                            "format": "short",
                            "logBase": 1,
                            "max": null,
                            "min": 0,
                            "show": true
                        }
                    ]
                },
                {
                    "aliasColors": {},
                    "bars": false,
                    "dashLength": 10,
                    "dashes": false,
                    "datasource": "Prom",
                    "decimals": null,
                    "editable": true,
                    "error": false,
                    "fill": 2,
                    "grid": {},
                    "id": 49,
                    "legend": {
                        "alignAsTable": true,
                        "avg": true,
                        "current": false,
                        "max": true,
                        "min": true,
                        "show": true,
                        "total": false,
                        "values": true
                    },
                    "lines": true,
                    "linewidth": 2,
                    "links": [],
                    "nullPointMode": "null",
                    "percentage": false,
                    "pointradius": 5,
                    "points": false,
                    "renderer": "flot",
                    "seriesOverrides": [],
                    "spaceLength": 10,
                    "span": 6,
                    "stack": false,
                    "steppedLine": false,
                    "targets": [
                        {
                            "calculatedInterval": "2m",
                            "datasourceErrors": {},
                            "errors": {},
                            "expr": "mysql_global_status_wsrep_local_send_queue * on (instance) group_left mysql_galera_variables_info{wsrep_cluster_name=\"$cluster\"}",
                            "interval": "$interval",
                            "intervalFactor": 1,
                            "legendFormat": "{{ instance }}",
                            "metric": "",
                            "refId": "A",
                            "step": 300
                        }
                    ],
                    "thresholds": [],
                    "timeFrom": null,
                    "timeShift": null,
                    "title": "Send Queue",
                    "tooltip": {
                        "msResolution": false,
                        "shared": true,
                        "sort": 0,
                        "value_type": "cumulative"
                    },
                    "type": "graph",
                    "xaxis": {
                        "buckets": null,
                        "mode": "time",
                        "name": null,
                        "show": true,
                        "values": []
                    },
                    "yaxes": [
                        {
                            "format": "short",
                            "logBase": 1,
                            "max": null,
                            "min": 0,
                            "show": true
                        },
                        {
                            "format": "short",
                            "logBase": 1,
                            "max": null,
                            "min": 0,
                            "show": true
                        }
                    ]
                }
            ],
            "repeat": null,
            "repeatIteration": null,
            "repeatRowId": null,
            "showTitle": false,
            "title": "Flow Control",
            "titleSize": "h6"
        },
        {
            "collapse": false,
            "height": "250px",
            "panels": [
                {
                    "aliasColors": {},
                    "bars": false,
                    "dashLength": 10,
                    "dashes": false,
                    "datasource": "Prom",
                    "decimals": null,
                    "editable": true,
                    "error": false,
                    "fill": 2,
                    "grid": {},
                    "id": 2,
                    "legend": {
                        "alignAsTable": true,
                        "avg": true,
                        "current": false,
                        "max": true,
                        "min": true,
                        "show": true,
                        "total": false,
                        "values": true
                    },
                    "lines": true,
                    "linewidth": 2,
                    "links": [],
                    "nullPointMode": "null",
                    "percentage": false,
                    "pointradius": 5,
                    "points": false,
                    "renderer": "flot",
                    "seriesOverrides": [],
                    "spaceLength": 10,
                    "span": 6,
                    "stack": false,
                    "steppedLine": false,
                    "targets": [
                        {
                            "calculatedInterval": "2m",
                            "datasourceErrors": {},
                            "errors": {},
                            "expr": "(rate(mysql_global_status_wsrep_received[$interval]) or irate(mysql_global_status_wsrep_received[5m])) * on (instance) group_left mysql_galera_variables_info{wsrep_cluster_name=\"$cluster\"}",
                            "interval": "$interval",
                            "intervalFactor": 1,
                            "legendFormat": "{{ instance }}",
                            "metric": "",
                            "refId": "A",
                            "step": 300
                        }
                    ],
                    "thresholds": [],
                    "timeFrom": null,
                    "timeShift": null,
                    "title": "Transactions Received",
                    "tooltip": {
                        "msResolution": false,
                        "shared": true,
                        "sort": 0,
                        "value_type": "cumulative"
                    },
                    "type": "graph",
                    "xaxis": {
                        "buckets": null,
                        "mode": "time",
                        "name": null,
                        "show": true,
                        "values": []
                    },
                    "yaxes": [
                        {
                            "format": "short",
                            "logBase": 1,
                            "max": null,
                            "min": 0,
                            "show": true
                        },
                        {
                            "format": "short",
                            "logBase": 1,
                            "max": null,
                            "min": 0,
                            "show": true
                        }
                    ]
                },
                {
                    "aliasColors": {},
                    "bars": false,
                    "dashLength": 10,
                    "dashes": false,
                    "datasource": "Prom",
                    "decimals": null,
                    "editable": true,
                    "error": false,
                    "fill": 2,
                    "grid": {},
                    "id": 50,
                    "legend": {
                        "alignAsTable": true,
                        "avg": true,
                        "current": false,
                        "max": true,
                        "min": true,
                        "show": true,
                        "total": false,
                        "values": true
                    },
                    "lines": true,
                    "linewidth": 2,
                    "links": [],
                    "nullPointMode": "null",
                    "percentage": false,
                    "pointradius": 5,
                    "points": false,
                    "renderer": "flot",
                    "seriesOverrides": [],
                    "spaceLength": 10,
                    "span": 6,
                    "stack": false,
                    "steppedLine": false,
                    "targets": [
                        {
                            "calculatedInterval": "2m",
                            "datasourceErrors": {},
                            "errors": {},
                            "expr": "(rate(mysql_global_status_wsrep_replicated[$interval]) or irate(mysql_global_status_wsrep_replicated[5m])) * on (instance) group_left mysql_galera_variables_info{wsrep_cluster_name=\"$cluster\"}",
                            "interval": "$interval",
                            "intervalFactor": 1,
                            "legendFormat": "{{ instance }}",
                            "metric": "",
                            "refId": "A",
                            "step": 300
                        }
                    ],
                    "thresholds": [],
                    "timeFrom": null,
                    "timeShift": null,
                    "title": "Transactions Replicated",
                    "tooltip": {
                        "msResolution": false,
                        "shared": true,
                        "sort": 0,
                        "value_type": "cumulative"
                    },
                    "type": "graph",
                    "xaxis": {
                        "buckets": null,
                        "mode": "time",
                        "name": null,
                        "show": true,
                        "values": []
                    },
                    "yaxes": [
                        {
                            "format": "short",
                            "logBase": 1,
                            "max": null,
                            "min": 0,
                            "show": true
                        },
                        {
                            "format": "short",
                            "logBase": 1,
                            "max": null,
                            "min": 0,
                            "show": true
                        }
                    ]
                }
            ],
            "repeat": null,
            "repeatIteration": null,
            "repeatRowId": null,
            "showTitle": false,
            "title": "Parallelization",
            "titleSize": "h6"
        },
        {
            "collapse": false,
            "height": "250px",
            "panels": [
                {
                    "aliasColors": {},
                    "bars": false,
                    "dashLength": 10,
                    "dashes": false,
                    "datasource": "Prom",
                    "decimals": null,
                    "editable": true,
                    "error": false,
                    "fill": 2,
                    "grid": {},
                    "id": 11,
                    "legend": {
                        "alignAsTable": true,
                        "avg": true,
                        "current": false,
                        "max": true,
                        "min": true,
                        "rightSide": false,
                        "show": true,
                        "total": false,
                        "values": true
                    },
                    "lines": true,
                    "linewidth": 2,
                    "links": [],
                    "nullPointMode": "null",
                    "percentage": false,
                    "pointradius": 5,
                    "points": false,
                    "renderer": "flot",
                    "seriesOverrides": [],
                    "spaceLength": 10,
                    "span": 6,
                    "stack": false,
                    "steppedLine": false,
                    "targets": [
                        {
                            "calculatedInterval": "2m",
                            "datasourceErrors": {},
                            "errors": {},
                            "expr": "(rate(mysql_global_status_wsrep_received_bytes[$interval]) / rate(mysql_global_status_wsrep_received[$interval]) or irate(mysql_global_status_wsrep_received_bytes[5m]) / irate(mysql_global_status_wsrep_received[5m])) * on (instance) group_left mysql_galera_variables_info{wsrep_cluster_name=\"$cluster\"}",
                            "interval": "$interval",
                            "intervalFactor": 1,
                            "legendFormat": "{{ instance }}",
                            "metric": "",
                            "refId": "C",
                            "step": 300
                        }
                    ],
                    "thresholds": [],
                    "timeFrom": null,
                    "timeShift": null,
                    "title": "Average Incoming Transaction Size",
                    "tooltip": {
                        "msResolution": false,
                        "shared": true,
                        "sort": 0,
                        "value_type": "individual"
                    },
                    "type": "graph",
                    "xaxis": {
                        "buckets": null,
                        "mode": "time",
                        "name": null,
                        "show": true,
                        "values": []
                    },
                    "yaxes": [
                        {
                            "format": "bytes",
                            "logBase": 1,
                            "max": null,
                            "min": 0,
                            "show": true
                        },
                        {
                            "format": "short",
                            "logBase": 1,
                            "max": null,
                            "min": 0,
                            "show": true
                        }
                    ]
                },
                {
                    "aliasColors": {},
                    "bars": false,
                    "dashLength": 10,
                    "dashes": false,
                    "datasource": "Prom",
                    "decimals": null,
                    "editable": true,
                    "error": false,
                    "fill": 2,
                    "grid": {},
                    "id": 51,
                    "legend": {
                        "alignAsTable": true,
                        "avg": true,
                        "current": false,
                        "max": true,
                        "min": true,
                        "rightSide": false,
                        "show": true,
                        "total": false,
                        "values": true
                    },
                    "lines": true,
                    "linewidth": 2,
                    "links": [],
                    "nullPointMode": "null",
                    "percentage": false,
                    "pointradius": 5,
                    "points": false,
                    "renderer": "flot",
                    "seriesOverrides": [],
                    "spaceLength": 10,
                    "span": 6,
                    "stack": false,
                    "steppedLine": false,
                    "targets": [
                        {
                            "calculatedInterval": "2m",
                            "datasourceErrors": {},
                            "errors": {},
                            "expr": "(rate(mysql_global_status_wsrep_replicated_bytes[$interval]) / rate(mysql_global_status_wsrep_replicated[$interval]) or irate(mysql_global_status_wsrep_replicated_bytes[5m]) / irate(mysql_global_status_wsrep_replicated[5m])) * on (instance) group_left mysql_galera_variables_info{wsrep_cluster_name=\"$cluster\"}",
                            "interval": "$interval",
                            "intervalFactor": 1,
                            "legendFormat": "{{ instance }}",
                            "metric": "",
                            "refId": "C",
                            "step": 300
                        }
                    ],
                    "thresholds": [],
                    "timeFrom": null,
                    "timeShift": null,
                    "title": "Average Replicated Transaction Size",
                    "tooltip": {
                        "msResolution": false,
                        "shared": true,
                        "sort": 0,
                        "value_type": "individual"
                    },
                    "type": "graph",
                    "xaxis": {
                        "buckets": null,
                        "mode": "time",
                        "name": null,
                        "show": true,
                        "values": []
                    },
                    "yaxes": [
                        {
                            "format": "bytes",
                            "logBase": 1,
                            "max": null,
                            "min": 0,
                            "show": true
                        },
                        {
                            "format": "short",
                            "logBase": 1,
                            "max": null,
                            "min": 0,
                            "show": true
                        }
                    ]
                }
            ],
            "repeat": null,
            "repeatIteration": null,
            "repeatRowId": null,
            "showTitle": false,
            "title": "Writeset",
            "titleSize": "h6"
        },
        {
            "collapse": false,
            "height": 250,
            "panels": [
                {
                    "aliasColors": {},
                    "bars": false,
                    "dashLength": 10,
                    "dashes": false,
                    "datasource": "Prom",
                    "fill": 2,
                    "id": 54,
                    "legend": {
                        "alignAsTable": true,
                        "avg": true,
                        "current": false,
                        "max": true,
                        "min": true,
                        "show": true,
                        "total": false,
                        "values": true
                    },
                    "lines": true,
                    "linewidth": 2,
                    "links": [],
                    "nullPointMode": "null",
                    "percentage": false,
                    "pointradius": 5,
                    "points": false,
                    "renderer": "flot",
                    "seriesOverrides": [],
                    "spaceLength": 10,
                    "span": 6,
                    "stack": false,
                    "steppedLine": false,
                    "targets": [
                        {
                            "expr": "mysql_global_status_wsrep_flow_control_interval_low * on (instance) group_left mysql_galera_variables_info{wsrep_cluster_name=\"$cluster\"}",
                            "format": "time_series",
                            "interval": "$interval",
                            "intervalFactor": 1,
                            "legendFormat": "{{instance}}",
                            "refId": "A"
                        }
                    ],
                    "thresholds": [],
                    "timeFrom": null,
                    "timeShift": null,
                    "title": "FC Trigger Low Llimit",
                    "tooltip": {
                        "shared": true,
                        "sort": 0,
                        "value_type": "individual"
                    },
                    "type": "graph",
                    "xaxis": {
                        "buckets": null,
                        "mode": "time",
                        "name": null,
                        "show": true,
                        "values": []
                    },
                    "yaxes": [
                        {
                            "format": "short",
                            "label": null,
                            "logBase": 1,
                            "max": null,
                            "min": "0",
                            "show": true
                        },
                        {
                            "format": "short",
                            "label": null,
                            "logBase": 1,
                            "max": null,
                            "min": null,
                            "show": false
                        }
                    ]
                },
                {
                    "aliasColors": {},
                    "bars": false,
                    "dashLength": 10,
                    "dashes": false,
                    "datasource": "Prom",
                    "fill": 2,
                    "id": 55,
                    "legend": {
                        "alignAsTable": true,
                        "avg": true,
                        "current": false,
                        "max": true,
                        "min": true,
                        "show": true,
                        "total": false,
                        "values": true
                    },
                    "lines": true,
                    "linewidth": 2,
                    "links": [],
                    "nullPointMode": "null",
                    "percentage": false,
                    "pointradius": 5,
                    "points": false,
                    "renderer": "flot",
                    "seriesOverrides": [],
                    "spaceLength": 10,
                    "span": 6,
                    "stack": false,
                    "steppedLine": false,
                    "targets": [
                        {
                            "expr": "mysql_global_status_wsrep_flow_control_interval_high * on (instance) group_left mysql_galera_variables_info{wsrep_cluster_name=\"$cluster\"}",
                            "format": "time_series",
                            "interval": "$interval",
                            "intervalFactor": 1,
                            "legendFormat": "{{instance}}",
                            "refId": "A"
                        }
                    ],
                    "thresholds": [],
                    "timeFrom": null,
                    "timeShift": null,
                    "title": "FC Trigger High Llimit",
                    "tooltip": {
                        "shared": true,
                        "sort": 0,
                        "value_type": "individual"
                    },
                    "type": "graph",
                    "xaxis": {
                        "buckets": null,
                        "mode": "time",
                        "name": null,
                        "show": true,
                        "values": []
                    },
                    "yaxes": [
                        {
                            "format": "short",
                            "label": null,
                            "logBase": 1,
                            "max": null,
                            "min": "0",
                            "show": true
                        },
                        {
                            "format": "short",
                            "label": null,
                            "logBase": 1,
                            "max": null,
                            "min": null,
                            "show": false
                        }
                    ]
                }
            ],
            "repeat": null,
            "repeatIteration": null,
            "repeatRowId": null,
            "showTitle": false,
            "title": "Dashboard Row",
            "titleSize": "h6"
        },
        {
            "collapse": false,
            "height": 250,
            "panels": [
                {
                    "aliasColors": {},
                    "bars": false,
                    "dashLength": 10,
                    "dashes": false,
                    "datasource": "Prom",
                    "fill": 2,
                    "id": 56,
                    "legend": {
                        "alignAsTable": true,
                        "avg": true,
                        "current": false,
                        "max": true,
                        "min": true,
                        "rightSide": true,
                        "show": true,
                        "total": false,
                        "values": true
                    },
                    "lines": true,
                    "linewidth": 2,
                    "links": [],
                    "nullPointMode": "null",
                    "percentage": false,
                    "pointradius": 5,
                    "points": false,
                    "renderer": "flot",
                    "seriesOverrides": [],
                    "spaceLength": 10,
                    "span": 12,
                    "stack": false,
                    "steppedLine": false,
                    "targets": [
                        {
                            "expr": "mysql_global_status_wsrep_ist_receive_seqno_start * on (instance) group_left mysql_galera_variables_info{wsrep_cluster_name=\"$cluster\"}",
                            "format": "time_series",
                            "interval": "$interval",
                            "intervalFactor": 1,
                            "legendFormat": "{{instance}} first",
                            "refId": "A"
                        },
                        {
                            "expr": "mysql_global_status_wsrep_ist_receive_seqno_current * on (instance) group_left mysql_galera_variables_info{wsrep_cluster_name=\"$cluster\"}",
                            "format": "time_series",
                            "hide": false,
                            "interval": "$interval",
                            "intervalFactor": 1,
                            "legendFormat": "{{instance}} current",
                            "refId": "B"
                        },
                        {
                            "expr": "mysql_global_status_wsrep_ist_receive_seqno_end * on (instance) group_left mysql_galera_variables_info{wsrep_cluster_name=\"$cluster\"}",
                            "format": "time_series",
                            "interval": "$interval",
                            "intervalFactor": 1,
                            "legendFormat": "{{instance}} last",
                            "refId": "C"
                        }
                    ],
                    "thresholds": [],
                    "timeFrom": null,
                    "timeShift": null,
                    "title": "Sequence numbers of transactions",
                    "tooltip": {
                        "shared": true,
                        "sort": 0,
                        "value_type": "individual"
                    },
                    "type": "graph",
                    "xaxis": {
                        "buckets": null,
                        "mode": "time",
                        "name": null,
                        "show": true,
                        "values": []
                    },
                    "yaxes": [
                        {
                            "format": "short",
                            "label": null,
                            "logBase": 1,
                            "max": null,
                            "min": "0",
                            "show": true
                        },
                        {
                            "format": "short",
                            "label": null,
                            "logBase": 1,
                            "max": null,
                            "min": null,
                            "show": true
                        }
                    ]
                }
            ],
            "repeat": null,
            "repeatIteration": null,
            "repeatRowId": null,
            "showTitle": false,
            "title": "Dashboard Row",
            "titleSize": "h6"
        },
        {
            "collapse": false,
            "height": 250,
            "panels": [
                {
                    "aliasColors": {},
                    "bars": false,
                    "dashLength": 10,
                    "dashes": false,
                    "datasource": "Prom",
                    "fill": 0,
                    "id": 57,
                    "legend": {
                        "alignAsTable": true,
                        "avg": true,
                        "current": false,
                        "max": true,
                        "min": true,
                        "show": true,
                        "total": false,
                        "values": true
                    },
                    "lines": true,
                    "linewidth": 2,
                    "links": [],
                    "minSpan": 6,
                    "nullPointMode": "null",
                    "percentage": false,
                    "pointradius": 5,
                    "points": false,
                    "renderer": "flot",
                    "seriesOverrides": [],
                    "spaceLength": 10,
                    "span": 6,
                    "stack": false,
                    "steppedLine": false,
                    "targets": [
                        {
                            "expr": "(rate(mysql_global_status_wsrep_replicated_bytes[$interval]) / rate(mysql_global_status_wsrep_replicated[$interval]) or irate(mysql_global_status_wsrep_replicated_bytes[5m]) / irate(mysql_global_status_wsrep_replicated[5m])) * on (instance) group_left mysql_galera_variables_info{wsrep_cluster_name=\"$cluster\"}",
                            "format": "time_series",
                            "hide": true,
                            "intervalFactor": 2,
                            "legendFormat": "{{instance}}",
                            "refId": "A"
                        },
                        {
                            "expr": "avg_over_time(mysql_global_status_wsrep_evs_repl_latency{aggregator=\"Average\"}[$interval]) * on (instance) group_left mysql_galera_variables_info{wsrep_cluster_name=\"$cluster\"}",
                            "format": "time_series",
                            "interval": "$interval",
                            "intervalFactor": 1,
                            "legendFormat": "{{instance}} - Latency Average",
                            "refId": "B"
                        }
                    ],
                    "thresholds": [],
                    "timeFrom": null,
                    "timeShift": null,
                    "title": "Average Galera Replication Latency",
                    "tooltip": {
                        "shared": true,
                        "sort": 0,
                        "value_type": "individual"
                    },
                    "type": "graph",
                    "xaxis": {
                        "buckets": null,
                        "mode": "time",
                        "name": null,
                        "show": true,
                        "values": []
                    },
                    "yaxes": [
                        {
                            "format": "s",
                            "label": null,
                            "logBase": 1,
                            "max": null,
                            "min": "0",
                            "show": true
                        },
                        {
                            "format": "short",
                            "label": null,
                            "logBase": 1,
                            "max": null,
                            "min": null,
                            "show": false
                        }
                    ]
                },
                {
                    "aliasColors": {},
                    "bars": false,
                    "dashLength": 10,
                    "dashes": false,
                    "datasource": "Prom",
                    "fill": 1,
                    "id": 58,
                    "legend": {
                        "alignAsTable": true,
                        "avg": true,
                        "current": false,
                        "max": true,
                        "min": true,
                        "show": true,
                        "total": false,
                        "values": true
                    },
                    "lines": false,
                    "linewidth": 1,
                    "links": [],
                    "minSpan": 6,
                    "nullPointMode": "null",
                    "percentage": false,
                    "pointradius": 1,
                    "points": true,
                    "renderer": "flot",
                    "seriesOverrides": [],
                    "spaceLength": 10,
                    "span": 6,
                    "stack": false,
                    "steppedLine": false,
                    "targets": [
                        {
                            "expr": "max_over_time(mysql_global_status_wsrep_evs_repl_latency{aggregator=\"Maximum\"}[$interval]) * on (instance) group_left mysql_galera_variables_info{wsrep_cluster_name=\"$cluster\"}",
                            "format": "time_series",
                            "interval": "$interval",
                            "intervalFactor": 1,
                            "legendFormat": "{{instance}} - Latency Maximum",
                            "refId": "A"
                        }
                    ],
                    "thresholds": [],
                    "timeFrom": null,
                    "timeShift": null,
                    "title": "Maximum  Galera Replication Latency",
                    "tooltip": {
                        "shared": true,
                        "sort": 0,
                        "value_type": "individual"
                    },
                    "type": "graph",
                    "xaxis": {
                        "buckets": null,
                        "mode": "time",
                        "name": null,
                        "show": true,
                        "values": []
                    },
                    "yaxes": [
                        {
                            "format": "s",
                            "label": null,
                            "logBase": 1,
                            "max": null,
                            "min": "0",
                            "show": true
                        },
                        {
                            "format": "short",
                            "label": null,
                            "logBase": 1,
                            "max": null,
                            "min": null,
                            "show": false
                        }
                    ]
                }
            ],
            "repeat": null,
            "repeatIteration": null,
            "repeatRowId": null,
            "showTitle": false,
            "title": "Dashboard Row",
            "titleSize": "h6"
        }
    ],
    "schemaVersion": 14,
    "style": "dark",
    "tags": [
        "Percona",
        "HA"
    ],
    "templating": {
        "list": [
            {
                "allFormat": "glob",
                "auto": true,
                "auto_count": 200,
                "auto_min": "1s",
                "current": {
                    "text": "auto",
                    "value": "$__auto_interval"
                },
                "datasource": "Prom",
                "hide": 0,
                "includeAll": false,
                "label": "Interval",
                "multi": false,
                "multiFormat": "glob",
                "name": "interval",
                "options": [
                    {
                        "selected": true,
                        "text": "auto",
                        "value": "$__auto_interval"
                    },
                    {
                        "selected": false,
                        "text": "1s",
                        "value": "1s"
                    },
                    {
                        "selected": false,
                        "text": "5s",
                        "value": "5s"
                    },
                    {
                        "selected": false,
                        "text": "1m",
                        "value": "1m"
                    },
                    {
                        "selected": false,
                        "text": "5m",
                        "value": "5m"
                    },
                    {
                        "selected": false,
                        "text": "1h",
                        "value": "1h"
                    },
                    {
                        "selected": false,
                        "text": "6h",
                        "value": "6h"
                    },
                    {
                        "selected": false,
                        "text": "1d",
                        "value": "1d"
                    }
                ],
                "query": "1s,5s,1m,5m,1h,6h,1d",
                "refresh": 2,
                "type": "interval"
            },
            {
                "allValue": null,
                "current": {},
                "datasource": "Prom",
                "hide": 2,
                "includeAll": true,
                "label": "Instance",
                "multi": true,
                "name": "instances",
                "options": [],
                "query": "label_values(mysql_global_status_wsrep_local_state, instance)",
                "refresh": 1,
                "regex": "",
                "sort": 0,
                "tagValuesQuery": "",
                "tags": [],
                "tagsQuery": "",
                "type": "query",
                "useTags": false
            },
            {
                "allFormat": "glob",
                "allValue": null,
                "current": {},
                "datasource": "Prom",
                "hide": 0,
                "includeAll": false,
                "label": "Cluster",
                "multi": false,
                "multiFormat": "regex values",
                "name": "cluster",
                "options": [],
                "query": "label_values(mysql_galera_variables_info{instance=~\"$instances\"}, wsrep_cluster_name)",
                "refresh": 1,
                "refresh_on_load": false,
                "regex": "",
                "sort": 1,
                "tagValuesQuery": null,
                "tags": [],
                "tagsQuery": null,
                "type": "query",
                "useTags": false
            }
        ]
    },
    "time": {
        "from": "now-12h",
        "to": "now"
    },
    "timepicker": {
        "collapse": false,
        "enable": true,
        "hidden": false,
        "notice": false,
        "now": true,
        "refresh_intervals": [
            "5s",
            "10s",
            "30s",
            "1m",
            "5m",
            "15m",
            "30m",
            "1h",
            "2h",
            "1d"
        ],
        "status": "Stable",
        "time_options": [
            "5m",
            "15m",
            "1h",
            "6h",
            "12h",
            "24h",
            "2d",
            "7d",
            "30d"
        ],
        "type": "timepicker"
    },
    "timezone": "browser",
    "title": "PXC/Galera Cluster Overview",
    "version": 1
}