{
    "annotations": {
      "list": [
        {
          "builtIn": 1,
          "datasource": "-- Grafana --",
          "enable": true,
          "hide": true,
          "iconColor": "rgba(0, 211, 255, 1)",
          "name": "Annotations & Alerts",
          "type": "dashboard"
        }
      ]
    },
    "editable": true,
    "gnetId": null,
    "graphTooltip": 0,
    "id": null,
    "links": [],
    "panels": [
      {
        "aliasColors": {},
        "bars": true,
        "dashLength": 10,
        "dashes": false,
        "datasource": "Prom",
        "fill": 2,
        "gridPos": {
          "h": 6,
          "w": 12,
          "x": 0,
          "y": 0
        },
        "id": 4,
        "legend": {
          "alignAsTable": true,
          "avg": true,
          "current": false,
          "hideEmpty": false,
          "hideZero": true,
          "max": false,
          "min": false,
          "rightSide": true,
          "show": false,
          "sideWidth": 300,
          "sort": "current",
          "sortDesc": true,
          "total": false,
          "values": true
        },
        "lines": true,
        "linewidth": 1,
        "links": [],
        "nullPointMode": "null",
        "percentage": false,
        "pointradius": 2,
        "points": true,
        "renderer": "flot",
        "seriesOverrides": [
          {
            "alias": "failed",
            "color": "#890f02"
          },
          {
            "alias": "success",
            "color": "#3f6833"
          },
          {
            "alias": "queued",
            "steppedLine": true
          },
          {
            "alias": "removed",
            "legend": true
          },
          {
            "alias": "running",
            "legend": true
          }
        ],
        "spaceLength": 10,
        "stack": false,
        "steppedLine": false,
        "targets": [
          {
            "expr": "airflow_num_tasks{instance=~\"{{groups['scm_server'][0]}}:9399\"} ",
            "format": "time_series",
            "instant": false,
            "intervalFactor": 3,
            "legendFormat": "{% raw %}{{state}}{% endraw %}",
            "refId": "G",
            "step": 600
          }
        ],
        "thresholds": [],
        "timeFrom": null,
        "timeShift": null,
        "title": "Tasks Completion Status",
        "tooltip": {
          "shared": false,
          "sort": 0,
          "value_type": "individual"
        },
        "type": "graph",
        "xaxis": {
          "buckets": null,
          "mode": "series",
          "name": null,
          "show": true,
          "values": [
            "avg"
          ]
        },
        "yaxes": [
          {
            "format": "short",
            "label": "Tasks Count",
            "logBase": 1,
            "max": null,
            "min": null,
            "show": true
          },
          {
            "format": "short",
            "label": null,
            "logBase": 1,
            "max": null,
            "min": null,
            "show": false
          }
        ]
      },
      {
        "aliasColors": {},
        "bars": false,
        "dashLength": 10,
        "dashes": false,
        "datasource": "Prom",
        "fill": 2,
        "gridPos": {
          "h": 6,
          "w": 11,
          "x": 12,
          "y": 0
        },
        "hideTimeOverride": true,
        "id": 2,
        "legend": {
          "alignAsTable": true,
          "avg": true,
          "current": true,
          "hideEmpty": false,
          "hideZero": false,
          "max": true,
          "min": true,
          "rightSide": false,
          "show": false,
          "sideWidth": 300,
          "sort": "current",
          "sortDesc": true,
          "total": false,
          "values": true
        },
        "lines": true,
        "linewidth": 1,
        "links": [],
        "nullPointMode": "null",
        "percentage": false,
        "pointradius": 2,
        "points": false,
        "renderer": "flot",
        "seriesOverrides": [
          {
            "alias": "/.*failed.*/",
            "transform": "negative-Y"
          },
          {
            "alias": "/.*success.*/",
            "color": "#7EB26D"
          }
        ],
        "spaceLength": 10,
        "stack": false,
        "steppedLine": false,
        "targets": [
          {
            "expr": "airflow_num_jobs_completed{instance=~\"{{groups['scm_server'][0]}}:9399\",status=\"success\"} ",
            "format": "time_series",
            "instant": false,
            "intervalFactor": 3,
            "legendFormat": "{% raw %}{{status}}{% endraw %} - Success",
            "refId": "G",
            "step": 600
          },
          {
            "expr": "airflow_num_jobs_completed{instance=~\"{{groups['scm_server'][0]}}:9399\",status=\"failed\"} ",
            "format": "time_series",
            "intervalFactor": 1,
            "legendFormat": "{% raw %}{{status}}{% endraw %} - Failed",
            "refId": "A"
          }
        ],
        "thresholds": [
          {
            "colorMode": "ok",
            "fill": true,
            "line": true,
            "op": "gt",
            "value": 0
          },
          {
            "colorMode": "warning",
            "fill": true,
            "line": true,
            "op": "lt",
            "value": 0
          }
        ],
        "timeFrom": "23h",
        "timeShift": "23h",
        "title": "Jobs Completed",
        "tooltip": {
          "shared": true,
          "sort": 0,
          "value_type": "individual"
        },
        "type": "graph",
        "xaxis": {
          "buckets": null,
          "mode": "time",
          "name": null,
          "show": true,
          "values": []
        },
        "yaxes": [
          {
            "format": "short",
            "label": "Jobs Completed (Success / Failed)",
            "logBase": 1,
            "max": null,
            "min": null,
            "show": true
          },
          {
            "format": "short",
            "label": null,
            "logBase": 1,
            "max": null,
            "min": null,
            "show": false
          }
        ]
      },
      {
        "collapsed": false,
        "gridPos": {
          "h": 1,
          "w": 24,
          "x": 0,
          "y": 6
        },
        "id": 9,
        "panels": [],
        "title": "Tasks Status",
        "type": "row"
      },
      {
        "aliasColors": {},
        "bars": true,
        "dashLength": 10,
        "dashes": false,
        "datasource": "Prom",
        "fill": 0,
        "gridPos": {
          "h": 6,
          "w": 23,
          "x": 0,
          "y": 7
        },
        "id": 5,
        "legend": {
          "alignAsTable": true,
          "avg": true,
          "current": false,
          "hideEmpty": false,
          "hideZero": true,
          "max": false,
          "min": false,
          "rightSide": true,
          "show": false,
          "sideWidth": 300,
          "sort": "current",
          "sortDesc": true,
          "total": false,
          "values": true
        },
        "lines": true,
        "linewidth": 0,
        "links": [],
        "nullPointMode": "null",
        "percentage": false,
        "pointradius": 1,
        "points": true,
        "renderer": "flot",
        "seriesOverrides": [],
        "spaceLength": 10,
        "stack": false,
        "steppedLine": false,
        "targets": [
          {
            "expr": "airflow_tasks_by_pool{instance=~\"{{groups['scm_server'][0]}}:9399\"} ",
            "format": "time_series",
            "instant": false,
            "intervalFactor": 3,
            "legendFormat": "{% raw %}{{pool}} - {{exec_date}} {% endraw %}",
            "refId": "G",
            "step": 600
          }
        ],
        "thresholds": [],
        "timeFrom": null,
        "timeShift": null,
        "title": "# Tasks Per Pool (Last 2 Days)",
        "tooltip": {
          "shared": false,
          "sort": 0,
          "value_type": "individual"
        },
        "type": "graph",
        "xaxis": {
          "buckets": null,
          "mode": "series",
          "name": null,
          "show": true,
          "values": [
            "avg"
          ]
        },
        "yaxes": [
          {
            "format": "short",
            "label": "Tasks Count",
            "logBase": 1,
            "max": null,
            "min": null,
            "show": true
          },
          {
            "format": "short",
            "label": null,
            "logBase": 1,
            "max": null,
            "min": null,
            "show": false
          }
        ]
      },
      {
        "collapsed": false,
        "gridPos": {
          "h": 1,
          "w": 24,
          "x": 0,
          "y": 13
        },
        "id": 7,
        "panels": [],
        "title": "Row title",
        "type": "row"
      },
      {
        "aliasColors": {},
        "bars": true,
        "dashLength": 10,
        "dashes": false,
        "datasource": "Prom",
        "fill": 2,
        "gridPos": {
          "h": 6,
          "w": 23,
          "x": 0,
          "y": 14
        },
        "id": 3,
        "legend": {
          "alignAsTable": true,
          "avg": true,
          "current": true,
          "hideEmpty": false,
          "hideZero": true,
          "max": true,
          "min": true,
          "rightSide": false,
          "show": false,
          "sideWidth": 300,
          "sort": "current",
          "sortDesc": true,
          "total": false,
          "values": true
        },
        "lines": false,
        "linewidth": 1,
        "links": [],
        "nullPointMode": "null",
        "percentage": false,
        "pointradius": 2,
        "points": false,
        "renderer": "flot",
        "seriesOverrides": [],
        "spaceLength": 10,
        "stack": false,
        "steppedLine": false,
        "targets": [
          {
            "expr": "airflow_num_connections{instance=~\"{{groups['scm_server'][0]}}:9399\"} ",
            "format": "time_series",
            "instant": false,
            "intervalFactor": 10,
            "legendFormat": "{% raw %}{{conn_type}} {% endraw %}",
            "refId": "G",
            "step": 600
          }
        ],
        "thresholds": [],
        "timeFrom": null,
        "timeShift": null,
        "title": "Airflow DB Connections",
        "tooltip": {
          "shared": false,
          "sort": 0,
          "value_type": "individual"
        },
        "type": "graph",
        "xaxis": {
          "buckets": null,
          "mode": "series",
          "name": null,
          "show": true,
          "values": [
            "avg"
          ]
        },
        "yaxes": [
          {
            "format": "short",
            "label": "Number of Connections",
            "logBase": 1,
            "max": null,
            "min": null,
            "show": true
          },
          {
            "format": "short",
            "label": null,
            "logBase": 1,
            "max": null,
            "min": null,
            "show": false
          }
        ]
      }
    ],
    "refresh": false,
    "schemaVersion": 16,
    "style": "dark",
    "tags": [],
    "templating": {
      "list": []
    },
    "time": {
      "from": "2018-04-15T04:00:00.000Z",
      "to": "2018-04-17T03:59:59.998Z"
    },
    "timepicker": {
      "refresh_intervals": [
        "5m"
      ],
      "time_options": [
        "5m",
        "15m",
        "1h",
        "6h",
        "12h",
        "24h",
        "2d",
        "7d",
        "30d"
      ]
    },
    "timezone": "",
    "title": "Airflow Jobs Stats",
    "uid": "8_pTNkZmz",
    "version": 13
  }